Müşteri Şikayeti, Kategori, Alt Kategori
"Telefon değişikliği sebebiyle mobil bankalcılıgs giriş yapamıyorum defalarca uygulamayı silip yükledim eski telefonum xs max yeni telefonum 12 pro max giriş ekranını görüntüleyemiyorum, yardımlarınızı arz ederim", Dijital Bankacılık, MobilDeniz
"Yeni telefonuma geçiş yaptım fakat mobil bankacılığa giriş yapamıyorum. Uygulamayı defalarca silip yükledim ama sorun çözülmedi. Yardımcı olabilir misiniz?", Dijital Bankacılık, MobilDeniz
"Mobil bankacılık uygulamasında para transferi yaparken işlem tamamlanmadan uygulama kapanıyor. Sorunun çözülmesini rica ediyorum.", Dijital Bankacılık, MobilDeniz
"Mobil bankacılık şifremi unuttum nasıl sıfırlayabilirim?", Dijital Bankacılık, MobilDeniz
"Mobil uygulamada hesap hareketlerimi göremiyorum. Yardımcı olabilir misiniz?", Dijital Bankacılık, MobilDeniz
"Mobil bankacılıkta kredi kartı borcumu ödeyemiyorum. Sürekli hata alıyorum.", Dijital Bankacılık, MobilDeniz
"Mobil bankacılık uygulaması çok yavaş çalışıyor. Lütfen hızlandırın.", Dijital Bankacılık, MobilDeniz
"Uygulamadan çıkış yapmadan geri dönemiyorum. Sorunu çözebilir misiniz?", Dijital Bankacılık, MobilDeniz
"Mobil uygulamada fatura ödeme işlemi sırasında hata alıyorum. Yardım eder misiniz?", Dijital Bankacılık, MobilDeniz
"Yeni bir telefon aldım ama uygulama doğrulama kodu göndermiyor.", Dijital Bankacılık, MobilDeniz
"Mobil uygulama şifremi unuttum ve sıfırlayamıyorum. Yardımcı olabilir misiniz?", Dijital Bankacılık, MobilDeniz
"Uygulama güncellemesinden sonra hesap bilgilerime ulaşamıyorum.", Dijital Bankacılık, MobilDeniz
"Uygulama sürekli kapanıyor, işlemlerimi tamamlayamıyorum.", Dijital Bankacılık, MobilDeniz
"Mobil bankacılık üzerinden kredi kartı ekstresini görüntüleyemiyorum.", Dijital Bankacılık, MobilDeniz
"Mobil uygulamada döviz işlemi yaparken hata alıyorum.", Dijital Bankacılık, MobilDeniz
"Uygulamadan kredi başvurusu yapmak istiyorum ama sürekli hata veriyor.", Dijital Bankacılık, MobilDeniz
"Mobil bankacılıkta hesap hareketleri güncellenmiyor.", Dijital Bankacılık, MobilDeniz
"Yeni telefonumda uygulamayı kullanamıyorum, doğrulama kodu gelmiyor.", Dijital Bankacılık, MobilDeniz
"Mobil uygulamada ödeme yaparken işlem tamamlanmıyor.", Dijital Bankacılık, MobilDeniz
"Mobil bankacılık şifremi sıfırlamak istiyorum ama hata alıyorum.", Dijital Bankacılık, MobilDeniz
"Uygulamadan kredi kartı limitimi artırmak istiyorum ama işlem yapamıyorum.", Dijital Bankacılık, MobilDeniz
"Mobil uygulamada QR kod ile para çekme işlemi başarısız oluyor.", Dijital Bankacılık, MobilDeniz
"Mobil bankacılık üzerinden vadeli hesap açamıyorum.", Dijital Bankacılık, MobilDeniz
"Uygulama güncellemesinden sonra giriş yapamıyorum.", Dijital Bankacılık, MobilDeniz
"Mobil bankacılık üzerinden yatırım hesabı açmak istiyorum ama hata alıyorum.", Dijital Bankacılık, MobilDeniz
"Mobil uygulamada hesaplar arası para transferi yapamıyorum.", Dijital Bankacılık, MobilDeniz
"Mobil bankacılık uygulamasında bakiye sorgulaması yaparken hata alıyorum. Lütfen yardımcı olun.", Dijital Bankacılık, MobilDeniz
"Mobil bankacılık uygulamasından hızlı para transferi yapmak istiyorum ama işlem gerçekleşmiyor. Sorunu çözebilir misiniz?", Dijital Bankacılık, MobilDeniz
"Mobil bankacılık uygulamasında kayıtlı alıcılarıma para gönderemiyorum. Sürekli hata mesajı alıyorum.", Dijital Bankacılık, MobilDeniz
"Mobil bankacılık uygulamasında kredi kartı limit artırma talebim başarısız oluyor.", Dijital Bankacılık, MobilDeniz
"Mobil bankacılık uygulamasında EFT işlemi gerçekleştiremiyorum. Uygulama sürekli kapanıyor.", Dijital Bankacılık, MobilDeniz
"Mobil bankacılık uygulamasında fatura ödeme işlemi sırasında onay kodu gelmiyor. Ne yapmalıyım?", Dijital Bankacılık, MobilDeniz
"Mobil bankacılık uygulamasına giriş yaptıktan sonra hesabımdan aniden çıkış yapılıyor. Bu sorunu nasıl çözebilirim?", Dijital Bankacılık, MobilDeniz
"Mobil bankacılık uygulamasında kredi başvurusu yapmak istiyorum ama sürekli hata alıyorum.", Dijital Bankacılık, MobilDeniz
"Mobil bankacılık uygulamasında hesap hareketlerini göremiyorum. Bilgilendirir misiniz?", Dijital Bankacılık, MobilDeniz
"Mobil bankacılık uygulamasında yeni bir hesap açmak istiyorum ama işlem başarısız oluyor.", Dijital Bankacılık, MobilDeniz
"Mobil bankacılık uygulamasında QR kod ile ödeme yapmak istiyorum fakat kodu okutamıyorum.", Dijital Bankacılık, MobilDeniz
"Mobil bankacılık uygulamasında şifre değişikliği yapmak istiyorum ama onay mesajı gelmiyor.", Dijital Bankacılık, MobilDeniz
"Mobil bankacılık uygulamasında yatırım hesabımı görüntüleyemiyorum. Yardımcı olabilir misiniz?", Dijital Bankacılık, MobilDeniz
"Mobil bankacılık uygulamasında otomatik ödeme talimatı vermek istiyorum ama işlem tamamlanmıyor.", Dijital Bankacılık, MobilDeniz
"Mobil bankacılık uygulamasında hesap ekstresini görüntülemekte sorun yaşıyorum.", Dijital Bankacılık, MobilDeniz
"Mobil bankacılık uygulamasında döviz hesabımdan para çekemiyorum. Yardım eder misiniz?", Dijital Bankacılık, MobilDeniz
"Mobil bankacılık uygulamasında işlem geçmişimi göremiyorum. Sürekli hata veriyor.", Dijital Bankacılık, MobilDeniz
"Mobil bankacılık uygulamasında otomatik ödeme talimatı vermek istiyorum fakat işlemi tamamlayamıyorum.", Dijital Bankacılık, MobilDeniz
"Mobil bankacılık uygulamasında havale işlemi yaparken onay mesajı gelmiyor.", Dijital Bankacılık, MobilDeniz
"Mobil bankacılık uygulamasında şifre hatırlatma talebim başarısız oluyor.", Dijital Bankacılık, MobilDeniz
"Mobil bankacılık uygulamasında yeni hesap açma işlemi sırasında adres doğrulama hatası alıyorum.", Dijital Bankacılık, MobilDeniz
"Mobil bankacılık uygulamasında kart bilgilerimi güncelleyemiyorum. Yardımcı olur musunuz?", Dijital Bankacılık, MobilDeniz
"Mobil bankacılık uygulamasında vadeli mevduat hesabı açamıyorum. Ne yapmalıyım?", Dijital Bankacılık, MobilDeniz
"Mobil bankacılık uygulamasında hesap ekstresi indiremiyorum. Sürekli hata alıyorum.", Dijital Bankacılık, MobilDeniz
"Mobil bankacılık uygulamasında başka bankaya ait kredi kartı borcumu ödeyemiyorum.", Dijital Bankacılık, MobilDeniz
"Mobil bankacılık uygulamasında altın hesabımdan altın alımı yapamıyorum. Yardımcı olur musunuz?", Dijital Bankacılık, MobilDeniz
"Mobil bankacılık uygulamasında yeni bir alıcı eklerken hata alıyorum.", Dijital Bankacılık, MobilDeniz
"Mobil bankacılık uygulamasında işlem yaparken uygulama donuyor. Ne yapmalıyım?", Dijital Bankacılık, MobilDeniz
"Mobil bankacılık uygulamasında sık kullanılanlar listemi düzenleyemiyorum. Yardım eder misiniz?", Dijital Bankacılık, MobilDeniz
"Mobil bankacılık uygulamasında yeni şifre belirlerken doğrulama kodu gelmiyor.", Dijital Bankacılık, MobilDeniz
"Mobil bankacılık uygulamasında işlem yaparken uygulama aniden kapanıyor.", Dijital Bankacılık, MobilDeniz
"Mobil bankacılık uygulamasında cep telefonu numaramı güncelleyemiyorum. Yardımcı olur musunuz?", Dijital Bankacılık, MobilDeniz
"Mobil bankacılık uygulamasında şüpheli işlem bildirimi yapmak istiyorum ama hata alıyorum.", Dijital Bankacılık, MobilDeniz
"Mobil bankacılık uygulamasında kredi kartı ekstresini görüntüleyemiyorum. Sürekli hata veriyor.", Dijital Bankacılık, MobilDeniz
"Mobil bankacılık uygulamasında hızlı para gönderme işlemi sırasında sorun yaşıyorum.", Dijital Bankacılık, MobilDeniz
"Mobil bankacılık uygulamasında fatura ödeme sırasında işlem tamamlanmıyor.", Dijital Bankacılık, MobilDeniz
"MobilDeniz uygulamasına giriş yaparken sürekli 'bağlantı hatası' alıyorum. İnternet bağlantımda bir sorun yok. Yardımcı olabilir misiniz?", Dijital Bankacılık, MobilDeniz
"MobilDeniz uygulamasında fatura ödemesi yaparken 'hata oluştu' mesajı alıyorum. Bu sorunu nasıl çözebilirim?", Dijital Bankacılık, MobilDeniz
"MobilDeniz uygulamasında hesaplar arası para transferi yapamıyorum. 'Yetkiniz yoktur' mesajı alıyorum. Yardımcı olabilir misiniz?", Dijital Bankacılık, MobilDeniz
"MobilDeniz uygulamasında döviz alım satımı yaparken hata alıyorum. Sorunun çözülmesini istiyorum.", Dijital Bankacılık, MobilDeniz
"MobilDeniz uygulamasında kredi başvurusunda bulunamıyorum. Sürekli hata alıyorum. Yardımcı olabilir misiniz?", Dijital Bankacılık, MobilDeniz
"MobilDeniz uygulamasında kredi kartı ekstresini görüntüleyemiyorum. Yardımcı olabilir misiniz?", Dijital Bankacılık, MobilDeniz
"MobilDeniz uygulamasında hesap açma işlemi yaparken hata alıyorum. Ne yapmalıyım?", Dijital Bankacılık, MobilDeniz
"MobilDeniz üzerinden yatırım fonu alımı yapamıyorum. Sürekli hata mesajı alıyorum. Yardımcı olabilir misiniz?", Dijital Bankacılık, MobilDeniz
"MobilDeniz'de döviz kurları güncellenmiyor. Bu sorunu nasıl çözebilirim?", Dijital Bankacılık, MobilDeniz
"MobilDeniz uygulamasında otomatik ödeme talimatı vermek istiyorum ama işlem başarısız oluyor. Yardımcı olabilir misiniz?", Dijital Bankacılık, MobilDeniz
"Yeni telefon aldım ve MobilDeniz uygulamasını yükledim ama giriş yapamıyorum. Bir türlü doğrulama mesajını alamıyorum. Yardımcı olabilir misiniz?", Dijital Bankacılık, MobilDeniz
"MobilDeniz uygulamasında sık sık oturumum kapanıyor ve tekrar giriş yapmak zorunda kalıyorum. Bu sorunu nasıl çözebilirim?", Dijital Bankacılık, MobilDeniz
"MobilDeniz'den kredi başvurusu yapmak istiyorum ama sürekli hata veriyor. Ne yapmam gerekiyor?", Dijital Bankacılık, MobilDeniz
"MobilDeniz'de hesap bakiyemi kontrol ederken sürekli 'bağlantı hatası' alıyorum. İnternet bağlantımda sorun yok. Ne yapmalıyım?", Dijital Bankacılık, MobilDeniz
"MobilDeniz uygulamasında QR kod ile ödeme yaparken 'hata oluştu' mesajı alıyorum. Bu sorunu nasıl çözebilirim?", Dijital Bankacılık, MobilDeniz
"MobilDeniz uygulamasında kredi kartı ekstresi e-posta ile gelmiyor. Bu sorunu nasıl çözebilirim?", Dijital Bankacılık, MobilDeniz
"MobilDeniz'de yatırım hesap hareketlerimi görmek istiyorum ama ekran boş görünüyor. Yardımcı olabilir misiniz?", Dijital Bankacılık, MobilDeniz
"MobilDeniz'den öğrenci kredisi başvurusu yapmaya çalışıyorum, sürekli hata alıyorum. Ne yapmalıyım?", Dijital Bankacılık, MobilDeniz
"MobilDeniz uygulaması sürekli kapanıyor ve yeniden başlatmam gerekiyor. Bu sorunu nasıl düzeltebilirim?", Dijital Bankacılık, MobilDeniz
"MobilDeniz'de banka kartımı mobil ödeme için tanımlayamıyorum. Yardımcı olabilir misiniz?", Dijital Bankacılık, MobilDeniz
"Telefon değişikliği sebebiyle mobil bankacılığa giriş yapamıyorum. Yardımlarınızı arz ederim.", Dijital Bankacılık, MobilDeniz
"MobilDeniz uygulamasına giriş yapamıyorum. Şifremi doğru giriyorum ancak sürekli hata alıyorum. Yardımcı olur musunuz?", Dijital Bankacılık, MobilDeniz
"MobilDeniz'de QR kod ile giriş yapamıyorum. Ekranda sürekli 'hata oluştu' mesajı çıkıyor. Yardımlarınızı bekliyorum.", Dijital Bankacılık, MobilDeniz
"MobilDeniz uygulamasında kredi kartı borç ödemesi yapamıyorum. Sürekli 'hata oluştu' mesajı çıkıyor. Yardımcı olabilir misiniz?", Dijital Bankacılık, MobilDeniz
"Yurt dışında yaşıyorum ve mobil bankacılığımı kullanamıyorum. Her şey doğru olmasına rağmen 'İşleminizi gerçekleştiremiyoruz, daha sonra tekrar deneyin.' yazısı çıkıyor.", Dijital Bankacılık, MobilDeniz
"Mobil denize giremiyorum. Güvenlik nedeniyle erişiminiz engellenmiştir diye uyarı alıyorum.", Dijital Bankacılık, MobilDeniz
"Mobil internet bankacılığına giriş yapamıyorum. Güvenlik sebebiyle kapatıldığını ve herhangi bir şubeye gitmem gerektiği uyarısı alıyorum. Sebep nedir bilmek istiyorum.", Dijital Bankacılık, MobilDeniz
"Kredi kartımı iptal etmek istiyorum. Mobil bankacılığınıza gönderilen kodu onaylayınız diyor ama herhangi bir kod gelmiyor.", Dijital Bankacılık, MobilDeniz
"Güncellemeden sonra mobil bankacılığıma 2 haftadır giremiyorum.", Dijital Bankacılık, MobilDeniz
"Telefon değişikliği sebebiyle mobil bankalcılıgs giriş yapamıyorum defalarca uygulamayı silip yükledim eski telefonum xs max yeni telefonum 12 pro max giriş ekranını görüntüleyemiyorum yardımlarınızı arz ederim", Dijital Bankacılık, MobilDeniz
"merhaba musterımızın atm de parası kalmıstır ıadesını ister sy", Dijital Bankacılık, ATM
"Müşterimiz 11/01/2024 18:13:50 tarihinde G2626 atmsinde 100 tl para yatırırken atmden kaynaklı oluşan sorundan dolayı işlem gerçeklşirememiştir. gereğinin yapılmasını ister. syg", Dijital Bankacılık, ATM
"Bugün XBank ATM'sinden para çekmeye çalıştım ama makine paramı yuttu. Lütfen acilen yardımcı olun.", Dijital Bankacılık, ATM
"Selam, ATM kartımı makinede unuttum ve makine kartımı geri vermedi. Ne yapmam gerekiyor? Yardım lütfen.", Dijital Bankacılık, ATM
"İyi günler, XBank ATM'sinden para yatırma işlemi yaparken makine parayı almadı ama hesabıma da geçmedi. Lütfen kontrol edin.", Dijital Bankacılık, ATM
"ATM'den kredi kartı borcumu ödemeye çalıştım ama işlem başarısız oldu ve para hesabımdan çekildi. Yardımcı olabilir misiniz?", Dijital Bankacılık, ATM
"Selam, ATM üzerinden fatura ödeme işlemi yaptım fakat fatura ödenmemiş görünüyor. Ne yapmalıyım? Teşekkürler.", Dijital Bankacılık, ATM
"Merhaba, ATM'den başka bir hesaba para göndermeye çalıştım fakat işlem tamamlanmadan makine kapandı. Paramı geri alabilir miyim?", Dijital Bankacılık, ATM
"İyi günler, ATM'de hesap bakiyemi kontrol etmeye çalıştım fakat sürekli hata veriyor. Bu durumu düzeltebilir misiniz?", Dijital Bankacılık, ATM
"XBank ATM'sinden nakit avans çekmeye çalıştım ama işlem başarısız oldu. Ne yapmam gerekiyor?", Dijital Bankacılık, ATM
"Selam, ATM'de şifre değiştirme işlemi yapmak istedim ama sürekli hata alıyorum. Yardımcı olabilir misiniz?", Dijital Bankacılık, ATM
"ATM'den para çekme işlemi sırasında makine elektrik kesintisi yaşadı ve paramı alamadım. Yardımınıza ihtiyacım var.", Dijital Bankacılık, ATM
"ATM üzerinden yaptığım EFT işlemi gerçekleşmedi ama para hesabımdan çekildi. Bu durumu kontrol eder misiniz?", Dijital Bankacılık, ATM
"Merhaba, ATM'de kredi kartı borcumu ödemek istedim ama işlem sonunda makine makbuz vermedi. Borcum ödenmiş mi kontrol edebilir misiniz?", Dijital Bankacılık, ATM
"Selam, ATM'den döviz çekmeye çalıştım ama makine işlemi gerçekleştirmedi ve hesabımdan para eksildi. Yardımcı olabilir misiniz?", Dijital Bankacılık, ATM
"ATM'den hesap ekstresi almak istedim fakat makine sürekli hata verdi. Bu durumu düzeltebilir misiniz?", Dijital Bankacılık, ATM
"İyi günler, ATM'de para yatırma işlemi yaparken paralar sıkıştı ve işlem tamamlanmadı. Ne yapmam gerekiyor?", Dijital Bankacılık, ATM
"ATM'den yaptığım fatura ödeme işlemi başarısız oldu ve hesabımdan para çekildi. Lütfen kontrol edin.", Dijital Bankacılık, ATM
"Selam, ATM'den şifre değiştirme işlemi yaptım ama yeni şifrem çalışmıyor. Yardım edebilir misiniz?", Dijital Bankacılık, ATM
"ATM'den hesap bakiyemi kontrol etmek istedim fakat sürekli teknik bir hata alıyorum. Bu sorunu çözebilir misiniz?", Dijital Bankacılık, ATM
"ATM'den para çekme işlemi sırasında makine arızalandı ve paramı alamadım. Ne yapmalıyım?", Dijital Bankacılık, ATM
"Merhaba, ATM'den yaptığım EFT işlemi gerçekleşmedi ve para hesabımdan çekildi. Yardımcı olabilir misiniz?", Dijital Bankacılık, ATM
"Selam, ATM'de kredi kartı borcumu ödemeye çalıştım ama işlem sonunda hata verdi. Paramı geri alabilir miyim?", Dijital Bankacılık, ATM
"Merhaba, ATM'den döviz çekmeye çalıştım fakat makine işlem yapmadı ve hesabımdan para eksildi. Lütfen kontrol edin.", Dijital Bankacılık, ATM
"ATM'den hesap ekstresi almak istedim fakat sürekli hata mesajı alıyorum. Yardımcı olabilir misiniz?", Dijital Bankacılık, ATM
"ATM'de para yatırma işlemi yaparken makine paraları geri verdi ve işlem tamamlanmadı. Ne yapmam gerekiyor?", Dijital Bankacılık, ATM
"Selam, ATM'den fatura ödeme işlemi yapmaya çalıştım ama sistemde sorun vardı ve işlem gerçekleşmedi. Yardım edebilir misiniz?", Dijital Bankacılık, ATM
"Merhaba, ATM'den şifre değiştirme işlemi yapmak istedim ama yeni şifremi kabul etmiyor. Ne yapmam gerekiyor?", Dijital Bankacılık, ATM
"İyi günler, ATM'den hesap bakiyemi kontrol etmek istedim fakat makine sürekli hata verdi. Bu durumu düzeltebilir misiniz?", Dijital Bankacılık, ATM
"Merhaba, ATM'den para çekme işlemi sırasında makine elektrik kesintisi yaşadı ve paramı alamadım. Yardımınıza ihtiyacım var.", Dijital Bankacılık, ATM
"Selam, ATM'den yaptığım EFT işlemi gerçekleşmedi ama para hesabımdan çekildi. Bu durumu kontrol eder misiniz?", Dijital Bankacılık, ATM
"ATM'de kredi kartı borcumu ödemek istedim ama işlem sonunda makine makbuz vermedi. Borcum ödenmiş mi kontrol edebilir misiniz?", Dijital Bankacılık, ATM
"İyi günler, ATM'den döviz çekmeye çalıştım ama makine işlemi gerçekleştirmedi ve hesabımdan para eksildi. Yardımcı olabilir misiniz?", Dijital Bankacılık, ATM
"ATM'den hesap ekstresi almak istedim fakat makine sürekli hata verdi. Bu durumu düzeltebilir misiniz?", Dijital Bankacılık, ATM
"Selam, ATM'de para yatırma işlemi yaparken paralar sıkıştı ve işlem tamamlanmadı. Ne yapmam gerekiyor?", Dijital Bankacılık, ATM
"ATM'den yaptığım fatura ödeme işlemi başarısız oldu ve hesabımdan para çekildi. Lütfen kontrol edin.", Dijital Bankacılık, ATM
"İyi günler, ATM'den şifre değiştirme işlemi yaptım ama yeni şifrem çalışmıyor. Yardım edebilir misiniz?", Dijital Bankacılık, ATM
"ATM'den hesap bakiyemi kontrol etmek istedim fakat sürekli teknik bir hata alıyorum. Bu sorunu çözebilir misiniz?", Dijital Bankacılık, ATM
"Selam, ATM'den para çekme işlemi sırasında makine arızalandı ve paramı alamadım. Ne yapmalıyım?", Dijital Bankacılık, ATM
"Merhaba, ATM'den yaptığım EFT işlemi gerçekleşmedi ve para hesabımdan çekildi. Yardımcı olabilir misiniz?", Dijital Bankacılık, ATM
"İyi günler, ATM'de kredi kartı borcumu ödemeye çalıştım ama işlem sonunda hata verdi. Paramı geri alabilir miyim?", Dijital Bankacılık, ATM
"ATM'den döviz çekmeye çalıştım fakat makine işlem yapmadı ve hesabımdan para eksildi. Lütfen kontrol edin.", Dijital Bankacılık, ATM
"Selam, ATM'den hesap ekstresi almak istedim fakat sürekli hata mesajı alıyorum. Yardımcı olabilir misiniz?", Dijital Bankacılık, ATM
"Merhaba, ATM'de para yatırma işlemi yaparken makine paraları geri verdi ve işlem tamamlanmadı. Ne yapmam gerekiyor?", Dijital Bankacılık, ATM
"ATM'den fatura ödeme işlemi yapmaya çalıştım ama sistemde sorun vardı ve işlem gerçekleşmedi. Yardım edebilir misiniz?", Dijital Bankacılık, ATM
"Merhaba, ATM'den şifre değiştirme işlemi yapmak istedim ama yeni şifremi kabul etmiyor. Ne yapmam gerekiyor?", Dijital Bankacılık, ATM
"Selam, ATM'den hesap bakiyemi kontrol etmek istedim fakat makine sürekli hata verdi. Bu durumu düzeltebilir misiniz?", Dijital Bankacılık, ATM
"ATM'den para çekme işlemi sırasında makine elektrik kesintisi yaşadı ve paramı alamadım. Yardımınıza ihtiyacım var.", Dijital Bankacılık, ATM
"İyi günler, ATM'den yaptığım EFT işlemi gerçekleşmedi ama para hesabımdan çekildi. Bu durumu kontrol eder misiniz?", Dijital Bankacılık, ATM
"ATM'de kredi kartı borcumu ödemek istedim ama işlem sonunda makine makbuz vermedi. Borcum ödenmiş mi kontrol edebilir misiniz?", Dijital Bankacılık, ATM
"Selam, ATM'den döviz çekmeye çalıştım ama makine işlemi gerçekleştirmedi ve hesabımdan para eksildi. Yardımcı olabilir misiniz?", Dijital Bankacılık, ATM
"ATM'den hesap ekstresi almak istedim fakat makine sürekli hata verdi. Bu durumu düzeltebilir misiniz?", Dijital Bankacılık, ATM
"ATM'den para çekerken 'yetersiz bakiye' hatası aldım ancak hesabımda yeterli bakiye var. Yardımcı olabilir misiniz?", Dijital Bankacılık, ATM
"ATM'den döviz çekmek istedim fakat işlem gerçekleştiremedim. Yardımcı olabilir misiniz?", Dijital Bankacılık, ATM
"ATM'den para yatırırken işlem tamamlanmadı ve para geri verilmedi. Ne yapmalıyım?", Dijital Bankacılık, ATM
"ATM'de kartımı unuttum ve kartım geri verilmedi. Ne yapmam gerekiyor?", Dijital Bankacılık, ATM
"ATM'den kredi kartı borcu öderken hata aldım. Yardımcı olabilir misiniz?", Dijital Bankacılık, ATM
"ATM'den kredi kartı borcu öderken 'işlem tamamlanamadı' hatası aldım. Yardımcı olabilir misiniz?", Dijital Bankacılık, ATM
"ATM'den para yatırırken yanlış hesap numarasına para yatırdım. Bu parayı nasıl geri alabilirim?", Dijital Bankacılık, ATM
"ATM'den kartımı geri alırken 'kartınız bloke edildi' mesajı aldım. Ne yapmam gerekiyor?", Dijital Bankacılık, ATM
"ATM'den döviz yatırma işlemi yapamıyorum. Yardımcı olabilir misiniz?", Dijital Bankacılık, ATM
"ATM'den fatura ödemesi yaparken 'işlem başarısız' hatası alıyorum. Yardımcı olabilir misiniz?", Dijital Bankacılık, ATM
"ATM'den kredi kartı borcu ödemesi yaparken makbuz alamadım. İşlemin gerçekleşip gerçekleşmediğini nasıl öğrenebilirim?", Dijital Bankacılık, ATM
"ATM'den para yatırırken elektrik kesildi ve işlem yarıda kaldı. Bu durumda ne yapmalıyım?", Dijital Bankacılık, ATM
"ATM'den çektiğim para eksik çıktı. Bu durumu nasıl bildirebilirim?", Dijital Bankacılık, ATM
"ATM'den para çekerken yanlışlıkla işlemi iptal ettim ama para hesabımdan düştü. Ne yapmalıyım?", Dijital Bankacılık, ATM
"ATM'den yaptığım para yatırma işleminde makbuz alamadım. İşlemin gerçekleşip gerçekleşmediğini nasıl öğrenebilirim?", Dijital Bankacılık, ATM
"ATM'den para çekerken kartım sıkıştı. Ne yapmam gerekiyor?", Dijital Bankacılık, ATM
"ATM'den para çekmeye çalışırken 'geçersiz işlem' hatası aldım. Yardımcı olur musunuz?", Dijital Bankacılık, ATM
"İnternet Bankacılığı üzerinden fatura ödeme işlemim gerçekleştirilemiyor", Dijital Bankacılık, İnternet Bankacılığı
"İki faktörlü kimlik doğrulama(2FA) kodu gelmiyor", Dijital Bankacılık, İnternet Bankacılığı
"Para transferi yaparken işlem sürekli iptal ediliyor, sorun ne?", Dijital Bankacılık, İnternet Bankacılığı
"Mobil uygulama çok yavaş çalışıyor, her işlem saatler sürüyor", Dijital Bankacılık, İnternet Bankacılığı
"Güvenlik sorularını doğru cevaplamama rağmen sistem kabul etmiyor", Dijital Bankacılık, İnternet Bankacılığı
"Bakiye bilgilerim güncellenmiyor, hesabımda ne kadar para olduğunu göremiyorum", Dijital Bankacılık, İnternet Bankacılığı
"Yatırım hesabıma erişim sağlayamıyorum, sürekli hata veriyor", Dijital Bankacılık, İnternet Bankacılığı
"Kart bilgileri güncellemesi yapamıyorum, sistem sürekli hata veriyor", Dijital Bankacılık, İnternet Bankacılığı
"Hesap ekstresi indirilemiyor, sürekli hata alıyorum", Dijital Bankacılık, İnternet Bankacılığı
"Mobil bildirimler gelmiyor, işlemlerden haberdar olamıyorum", Dijital Bankacılık, İnternet Bankacılığı
"Para çekme limitiyle ilgili bir sorun yaşıyorum, limitimi artıramıyorum", Dijital Bankacılık, İnternet Bankacılığı
"Banka kartımın PIN kodunu değiştiremiyorum, sürekli hata alıyorum", Dijital Bankacılık, İnternet Bankacılığı
"Otomatik ödeme talimatı veremiyorum, sistem sürekli hata veriyor", Dijital Bankacılık, İnternet Bankacılığı
"Yurt dışı işlem yaparken banka sürekli işlemimi reddediyor", Dijital Bankacılık, İnternet Bankacılığı
"Dijital bankacılık sözleşmesini kabul edemiyorum, hata alıyorum", Dijital Bankacılık, İnternet Bankacılığı
"Kartımı internet alışverişlerine açamıyorum", Dijital Bankacılık, İnternet Bankacılığı
"Hesap dökümünü indirdiğimde dosya bozuk çıkıyor", Dijital Bankacılık, İnternet Bankacılığı
"Kredi kartı ekstreniz indirilemiyor hatası alıyorum", Dijital Bankacılık, İnternet Bankacılığı
"Yatırım fonu alım satımı yaparken işlemim sürekli reddediliyor", Dijital Bankacılık, İnternet Bankacılığı
"Vadeli mevduat hesabımı kapatamıyorum", Dijital Bankacılık, İnternet Bankacılığı
"Oturum açma sırasında sürekli güvenlik uyarıları alıyorum", Dijital Bankacılık, İnternet Bankacılığı
"Bankacılık uygulamasında biyometrik doğrulama çalışmıyor", Dijital Bankacılık, İnternet Bankacılığı
"Banka tarafından gönderilen e-postalar spam klasörüne düşüyor", Dijital Bankacılık, İnternet Bankacılığı
"Bankanın sunduğu sanal kartı oluşturamıyorum", Dijital Bankacılık, İnternet Bankacılığı
"Hesaplar arası para transferi yapmak istediğimde hesaplarım listelenmiyor", Dijital Bankacılık, İnternet Bankacılığı
"İnternet bankacılığı üzerinden fatura ödemesi yaparken hata alıyorum. Yardımcı olabilir misiniz?", Dijital Bankacılık, İnternet Bankacılığı
"İnternet bankacılığına giriş yapamıyorum. 'Hesabınız kilitlenmiştir' uyarısı alıyorum. Ne yapmam gerekiyor?", Dijital Bankacılık, İnternet Bankacılığı
"İnternet bankacılığında hesap bilgilerimi güncelleyemiyorum. Yardımcı olabilir misiniz?", Dijital Bankacılık, İnternet Bankacılığı
"İnternet bankacılığı üzerinden yatırım işlemi yapmaya çalışıyorum ancak hata alıyorum. Yardımcı olabilir misiniz?", Dijital Bankacılık, İnternet Bankacılığı
"İnternet bankacılığı şifremi değiştirmek istiyorum. Nasıl yapabilirim?", Dijital Bankacılık, İnternet Bankacılığı
"İnternet bankacılığına giriş yaparken telefon numaramı doğrulayamıyorum. Yardımcı olabilir misiniz?", Dijital Bankacılık, İnternet Bankacılığı
"İnternet bankacılığı üzerinden hesap ekstresi almak istiyorum. Nasıl yapabilirim?", Dijital Bankacılık, İnternet Bankacılığı
"İnternet bankacılığında döviz hesabı açmak istiyorum. Bu mümkün mü?", Dijital Bankacılık, İnternet Bankacılığı
"İnternet bankacılığı üzerinden kredi kartı limit artırımı başvurusu yapamıyorum. Yardımcı olabilir misiniz?", Dijital Bankacılık, İnternet Bankacılığı
"İnternet bankacılığı şifremi çok sık unutuyorum. Güvenlik ayarlarını nasıl değiştirebilirim?", Dijital Bankacılık, İnternet Bankacılığı
"İnternet bankacılığında kredi kartı ekstresini PDF olarak indirebiliyor muyum? Nasıl yapabilirim?", Dijital Bankacılık, İnternet Bankacılığı
"İnternet bankacılığında hesap açma işlemi yaparken kimlik doğrulama hatası alıyorum. Yardımcı olabilir misiniz?", Dijital Bankacılık, İnternet Bankacılığı
"İnternet bankacılığı üzerinden vergi ödemesi yapmak istiyorum ama sürekli hata alıyorum. Ne yapmalıyım?", Dijital Bankacılık, İnternet Bankacılığı
"İnternet bankacılığına giriş yaparken cep telefonuma doğrulama kodu gelmiyor. Ne yapmalıyım?", Dijital Bankacılık, İnternet Bankacılığı
"İnternet bankacılığında döviz hesabımı kapatmak istiyorum. Nasıl yapabilirim?", Dijital Bankacılık, İnternet Bankacılığı
"İnternet bankacılığı üzerinden kredi başvurusu yapmaya çalışıyorum ancak hata alıyorum. Yardımcı olabilir misiniz?", Dijital Bankacılık, İnternet Bankacılığı
"E-Devlet hesabıma giriş yapamıyorum. Yıllardır internet bankacılığı üzerinden giriş yapıyordum ancak şimdi girmeye çalıştığımda 'yetkiniz bulunmamaktadır' diyor. Kendi şubeme gidip bu durumu bir kere düzeltmiştim, yine aynı sorunla karşılaştım. Lütfen bu sorunu düzeltin.", Dijital Bankacılık, İnternet Bankacılığı
"Kredi kartımın limiti yetersiz geldiği için alışveriş yapamıyorum. Limit artışı için nasıl başvurabilirim?", Kartlar, Bireysel Kredi Kartı
"Kredi kartımda otomatik ödeme talimatı nasıl verebilirim?", Kartlar, Bireysel Kredi Kartı
"Kredi kartı ekstramda anlamadığım bir harcama var. Bu konuda bilgi alabilir miyim?", Kartlar, Bireysel Kredi Kartı
"Yeni kredi kartımın teslimat süreci hakkında bilgi almak istiyorum. Ne zaman elime ulaşır?", Kartlar, Bireysel Kredi Kartı
"Kredi kartımın süresi doldu ve yeni kart henüz gelmedi. Bu durumu nasıl çözebilirim?", Kartlar, Bireysel Kredi Kartı
"Kredi kartı borcumu yapılandırmak istiyorum. Nasıl bir yol izlemeliyim?", Kartlar, Bireysel Kredi Kartı
"Kredi kartımın son ekstresinde yanlış bir harcama fark ettim. Ne yapmam gerekiyor?", Kartlar, Bireysel Kredi Kartı
"Kredi kartımla yurt dışı alışverişi yaparken sorun yaşıyorum. Yardımcı olabilir misiniz?", Kartlar, Bireysel Kredi Kartı
"Kredi kartı aidat ücretinin iadesini talep ediyorum. Ne yapmam gerekiyor?", Kartlar, Bireysel Kredi Kartı
"Kredi kartımın çalınması durumunda ne yapmalıyım?", Kartlar, Bireysel Kredi Kartı
"Kredi kartı şifremi unuttum. Nasıl sıfırlayabilirim?", Kartlar, Bireysel Kredi Kartı
"Kredi kartımın asgari ödeme tutarını öğrenmek istiyorum. Yardımcı olabilir misiniz?", Kartlar, Bireysel Kredi Kartı
"Kredi kartımla yapılan bir işlemi iptal etmek istiyorum. Ne yapmalıyım?", Kartlar, Bireysel Kredi Kartı
"Kredi kartı harcama taksitlendirmesi yapmak istiyorum. Nasıl bir işlem yapmalıyım?", Kartlar, Bireysel Kredi Kartı
"Kredi kartımın kampanyalarından nasıl yararlanabilirim?", Kartlar, Bireysel Kredi Kartı
"Kredi kartımın son ekstresinde fazla faiz hesaplanmış. Bu durumu nasıl düzeltebilirim?", Kartlar, Bireysel Kredi Kartı
"Kredi kartımın kullanım limitini nasıl düşürebilirim?", Kartlar, Bireysel Kredi Kartı
"Kredi kartı borcumu internet bankacılığı üzerinden ödeyemiyorum. Yardımcı olabilir misiniz?", Kartlar, Bireysel Kredi Kartı
"Kredi kartımın puanları ile nasıl alışveriş yapabilirim?", Kartlar, Bireysel Kredi Kartı
"Kredi kartımın nakit avans limitini öğrenmek istiyorum. Yardımcı olabilir misiniz?", Kartlar, Bireysel Kredi Kartı
"Kredi kartımın aylık faiz oranlarını öğrenmek istiyorum. Bilgi verebilir misiniz?", Kartlar, Bireysel Kredi Kartı
"kredi kartı şifremi nasıl değiştirebilirim?", Kartlar, Bireysel Kredi Kartı
"Kredi kartı ödemelerini nereden yapabilirim? Bilgilendirirseniz sevinirim.", Kartlar, Bireysel Kredi Kartı
"Kredi kartım ile yurtdışında yaptığım harcamaları ne şekilde ödeyebilirim?", Kartlar, Bireysel Kredi Kartı
"Kredi kartının son gününde saat kaça kadar ödeme yapmam gerem gerekir?", Kartlar, Bireysel Kredi Kartı
"Bankanızda kredi kartlarının yıllık aidatı ne kadar?", Kartlar, Bireysel Kredi Kartı
"Kredi kartı ekstreme yansıyan faiz oranlarını nasıl takip edebilirim?", Kartlar, Bireysel Kredi Kartı
"Kredi kartı borcumu taksitlendirme seçenekleri nelerdir?", Kartlar, Bireysel Kredi Kartı
"Kredi kartımı yurt dışında kullanmadan önce nelere dikkat etmeliyim?", Kartlar, Bireysel Kredi Kartı
"Kredi kartımı kullanırken sürekli olarak işlem reddi hatası alıyorum. Yardımcı olur musunuz?", Kartlar, Bireysel Kredi Kartı
"Kredi kartımın son ödeme tarihini nasıl değiştirebilirim? Bu işlemi nasıl yapacağım?", Kartlar, Bireysel Kredi Kartı
"Kredi kartım ne zaman harcamaya açılacak? Bilgilendirirseniz sevinirim.", Kartlar, Bireysel Kredi Kartı
"Kredi kartı borcumu nasıl taksitlendirebirim?", Kartlar, Bireysel Kredi Kartı
"Kredi kartı limitimi nasıl yükselteceğim?", Kartlar, Bireysel Kredi Kartı
"Kredi kartı ekstremi göremiyorum, yardımcı olursanız sevinirim.", Kartlar, Bireysel Kredi Kartı
"Kredi kartı ekstremi ertelemek için ne yapabilirm?", Kartlar, Bireysel Kredi Kartı
"Kredi kartıma temassız özellik tanımlamasını nasıl yapabilirim?", Kartlar, Bireysel Kredi Kartı
"Kredi kartımın asgari ödeme tutarını nasıl hesaplayabilirim? Yardımcı olur musunuz?", Kartlar, Bireysel Kredi Kartı
"Kredi kartımın hesap dökümünü görmek istiyorum. Yardımcı olur musunuz?", Kartlar, Bireysel Kredi Kartı
"Kredi kartıma ek kart çıkartmak istiyorum. Ek kart başvurusunu nasıl yapabilirim?", Kartlar, Bireysel Kredi Kartı
"Kredi kartı borcumu başka bir bankadaki kredi kartına transfer edebilir miyim?", Kartlar, Bireysel Kredi Kartı
"Kredi kartımın son kullanım tarihini nasıl öğrenebilirim?", Kartlar, Bireysel Kredi Kartı
"Kredi kartımın ödemelerini otomatik olarak banka hesabımdan çekilmesini nasıl sağlayabilirim?", Kartlar, Bireysel Kredi Kartı
"Kredi kartından nakit avans çekmek kredi notunu düşürür mü?", Kartlar, Bireysel Kredi Kartı
"Kredi kartından nakit avans çekince faiz işliyor mu?", Kartlar, Bireysel Kredi Kartı
"Başka hesaptan kredi kartı borcu ödenir mi?", Kartlar, Bireysel Kredi Kartı
"Kredi kartımın geçici olarak kullanıma kapatılmasını sağlayabilir miyim?", Kartlar, Bireysel Kredi Kartı
"Kredi kartımı kullanıma kapatmak istiyorum. Yardımcı olur musunuz?", Kartlar, Bireysel Kredi Kartı
"Kredi kartım geçici olarak kullanıma kapatılmış. Açtırmak için ne yapmalıyım?", Kartlar, Bireysel Kredi Kartı
"DenizBank debit kartımın limitini nasıl artırabilirim?", Kartlar, Debit Kart
"Kartımın kaybolması durumunda ne yapmalıyım?", Kartlar, Debit Kart
"DenizBank debit kartımla yurt dışında alışveriş yapabilir miyim?", Kartlar, Debit Kart
"Kartımın CVV numarası nerede bulunur?", Kartlar, Debit Kart
"DenizBank debit kartımla online alışveriş yaparken güvenliğim nasıl sağlanıyor?", Kartlar, Debit Kart
"İnternet bankacılığı üzerinden kartımın harcama limitini nasıl kontrol edebilirim?", Kartlar, Debit Kart
"Kartımın şifresini unuttuğumda ne yapmalıyım?", Kartlar, Debit Kart
"DenizBank debit kartımın geçerlilik süresi ne kadar?", Kartlar, Debit Kart
"Kartımın hesap özetini nasıl alabilirim?", Kartlar, Debit Kart
"DenizBank debit kartımla ATM'den ne kadar para çekebilirim?", Kartlar, Debit Kart
"Kartımı başka birinin kullanması durumunda ne yapmalıyım?", Kartlar, Debit Kart
"DenizBank debit kartımın vadesi dolunca yenileme işlemi nasıl yapılır?", Kartlar, Debit Kart
"Kartımın son kullanma tarihi ne zaman?", Kartlar, Debit Kart
"DenizBank debit kartımla otomatik ödeme talimatı verebilir miyim?", Kartlar, Debit Kart
"Kartımın iletişim bilgileri nasıl güncellenir?", Kartlar, Debit Kart
"DenizBank debit kartımın harcama limitini anlık olarak değiştirebilir miyim?", Kartlar, Debit Kart
"Kartımın ekstre borcumu nasıl ödeyebilirim?", Kartlar, Debit Kart
"DenizBank debit kartımın PIN numarasını değiştirmek için ne yapmalıyım?", Kartlar, Debit Kart
"Kartımın aktif olup olmadığını nasıl kontrol edebilirim?", Kartlar, Debit Kart
"DenizBank debit kartımın bloke edilmesi durumunda ne yapmalıyım?", Kartlar, Debit Kart
"Kartımın yıllık ücreti var mı?", Kartlar, Debit Kart
"DenizBank debit kartımla yurtdışı harcamalarında döviz kuru nasıl belirleniyor?", Kartlar, Debit Kart
"Kartımın güvenliği için ek önlemler nelerdir?", Kartlar, Debit Kart
"DenizBank debit kartımdan hesap hareketlerimi nasıl takip edebilirim?", Kartlar, Debit Kart
"Kartımın temassız özelliklerini nasıl kullanabilirim?", Kartlar, Debit Kart
"DenizBank debit kartımda kayıp veya çalıntı durumunda hangi adımları izlemeliyim?", Kartlar, Debit Kart
"Kartımın banka dışı ATM'lerdeki kullanım koşulları nelerdir?", Kartlar, Debit Kart
"DenizBank debit kartımın harcama geçmişini nasıl sorgulayabilirim?", Kartlar, Debit Kart
"Kartımın sahtekarlık durumlarında sigorta kapsamı var mı?", Kartlar, Debit Kart
"DenizBank debit kartımla yıllık harcama limiti belirleyebilir miyim?", Kartlar, Debit Kart
"Kartımın hesap işletim ücreti var mı?", Kartlar, Debit Kart
"DenizBank debit kartımdan nakit avans çekebilir miyim?", Kartlar, Debit Kart
"Kartımın kullanım şartları nelerdir?", Kartlar, Debit Kart
"DenizBank debit kartımın iptal işlemleri nasıl yapılır?", Kartlar, Debit Kart
"Kartımın SMS ile harcama bildirimi özelliği var mı?", Kartlar, Debit Kart
"DenizBank debit kartımla taksitli alışveriş yapabilir miyim?", Kartlar, Debit Kart
"Kartımın bakiyesini internet bankacılığından nasıl sorgulayabilirim?", Kartlar, Debit Kart
"DenizBank debit kartımla yurtdışında para çekebilir miyim?", Kartlar, Debit Kart
"Kartımın mobil uygulama üzerinden kullanım özellikleri nelerdir?", Kartlar, Debit Kart
"DenizBank debit kartımla otomatik fatura ödeme talimatı verebilir miyim?", Kartlar, Debit Kart
"Kartımın yıllık harcama limitini nasıl artırabilirim?", Kartlar, Debit Kart
"DenizBank debit kartımla contactless özelliklerini nasıl aktif edebilirim?", Kartlar, Debit Kart
"Kartımın ekstra güvenlik önlemleri nelerdir?", Kartlar, Debit Kart
"DenizBank debit kartımla yapabileceğim limit artırma işlemleri nelerdir?", Kartlar, Debit Kart
"Kartımın yıllık hesap işletim ücreti ne kadar?", Kartlar, Debit Kart
"DenizBank debit kartımın kullanımı için yaş sınırı var mı?", Kartlar, Debit Kart
"Kartımın vadesi dolunca yenileme işlemi otomatik mi yoksa manuel mi yapılır?", Kartlar, Debit Kart
"DenizBank debit kartımla internetten alışveriş yaparken ek güvenlik önlemleri nelerdir?", Kartlar, Debit Kart
"Kartımın PIN numarasını unuttuğumda nasıl yenileyebilirim?", Kartlar, Debit Kart
"DenizBank debit kartımla yapabileceğim döviz alım-satım işlemleri nelerdir?", Kartlar, Debit Kart
"Para transfer işlemlerim için günlük veya aylık bir limit var mı, bilgi verebilir misiniz? Teşekkür ederim.", Mevduat, Para Transferi
"Havale yaparken ne kadar zaman içinde işlem gerçekleşir? Bilgilendirirseniz sevinirim, teşekkürler.", Mevduat, Para Transferi
"EFT işlemlerinde ne kadar süre içinde alıcı hesaba geçer? Detaylı bilgi alabilir miyim, teşekkür ederim.", Mevduat, Para Transferi
"İşlem ücretleri ne kadar ve hangi durumlarda kesilir? Ücretlendirme politikanızı öğrenebilir miyim, teşekkürler.", Mevduat, Para Transferi
"Yanlışlıkla yapılan bir transfer işlemi nasıl düzeltilir?", Mevduat, Para Transferi
"Yurtdışına para göndermek için hangi bilgiler gereklidir?", Mevduat, Para Transferi
"Bankanızın farklı bir şubesinden para transferi yapabilir miyim?", Mevduat, Para Transferi
"Banka dışı hesaba para transferi yaparken ekstra işlem süresi var mı?", Mevduat, Para Transferi
"Yurt dışından alınan para transferlerinde hangi kur kullanılıyor?", Mevduat, Para Transferi
"Farklı bir bankaya yapılan EFT işlemlerinde ekstra gün sınırlaması var mı? İşlem süreleri ve gün sınırları hakkında bilgi alabilir miyim, teşekkür ederim.", Mevduat, Para Transferi
"İnternet bankacılığı veya mobil uygulama üzerinden yapılan para transferleri için ekstra güvenlik önerileriniz nelerdir? Güvenlik ipuçları paylaşabilir misiniz, teşekkür ederim.", Mevduat, Para Transferi
"İnternet bankacılığı üzerinden yapılacak para transferlerinde maksimum işlem limiti nedir? Limit politikanızı öğrenebilir miyim, teşekkür ederim.", Mevduat, Para Transferi
"Para transferi işlemlerinde kullanılan SWIFT veya IBAN numarası nedir ve nasıl bulabilirim? Bilgi alabilir miyim, teşekkür ederim.", Mevduat, Para Transferi
"Para transferi yaparken 'işlem süresi doldu' hatası alıyorum. Ne yapmalıyım?", Mevduat, Para Transferi
"Yurtiçine hızlı para transferi yapmak istiyorum. Bunun için hangi seçenekleri kullanabilirim?", Mevduat, Para Transferi
"IBAN numarasını yanlış girdim ve para transferi başarısız oldu. Param ne zaman geri döner?", Mevduat, Para Transferi
"Para transferi sırasında 'güvenlik doğrulaması' yapamıyorum. Yardımcı olabilir misiniz?", Mevduat, Para Transferi
"Para transferi işlemlerinde günlük limitimi artırmak istiyorum. Nasıl yapabilirim?", Mevduat, Para Transferi
"Swift kodunu yanlış girdim ve para transferim başarısız oldu. Param ne zaman geri döner?", Mevduat, Para Transferi
"Para transferi yaparken güvenlik doğrulaması SMS'i alamıyorum. Yardımcı olabilir misiniz?", Mevduat, Para Transferi
"Yanlışlıkla iki kez para transferi yaptım. Birini nasıl iptal edebilirim?", Mevduat, Para Transferi
"Para transferi yaparken 'işlem reddedildi' hatası alıyorum. Ne yapmam gerekiyor?", Mevduat, Para Transferi
"Para transferi limitimi geçici olarak artırmak istiyorum. Bunun için ne yapmam gerekiyor?", Mevduat, Para Transferi
"Para transferi yaparken alıcı bilgilerini yanlış girdim. Bu işlemi nasıl düzeltebilirim?", Mevduat, Para Transferi
"Yurt dışına düşük maliyetli para transferi yapmak istiyorum. Hangi seçeneklerim var?", Mevduat, Para Transferi
"Para transferi yaparken sürekli 'yetkiniz yok' hatası alıyorum. Bu sorunu nasıl çözebilirim?", Mevduat, Para Transferi
"Para transferi işlemlerinde sık sık güvenlik doğrulama hatası alıyorum. Yardımcı olabilir misiniz?", Mevduat, Para Transferi
"Mobil uygulamadan para transferi yaparken işlem süresi doluyor ve tamamlanmıyor. Ne yapmalıyım?", Mevduat, Para Transferi
"Yanlışlıkla başka bir hesaba EFT yaptım. Bu işlemi nasıl geri alabilirim?", Mevduat, Para Transferi
"Para transferi yaparken sürekli 'güvenlik hatası' alıyorum. Sorunun çözülmesini istiyorum. Saygılar.", Mevduat, Para Transferi
"Nakit avans kullanıp oğluma EFT yapmak istedim ancak 'güvenlik sebebiyle işleminizi gerçekleştiremiyoruz' uyarısı aldım. İşlem bilgisi dahilinde olup yardım isterim. Saygılar.", Mevduat, Para Transferi
"Para transferi yaparken hesabımdan iki kez ücret kesildi. Bu hatanın düzeltilmesini ve fazla kesilen ücretin iade edilmesini talep ediyorum.", Mevduat, Para Transferi
"FAST ile en fazla ne kadarlık bir transfer yapılabilir?", Mevduat, Para Transferi
"Merhaba, para transferi sırasında sistem hatası nedeniyle işlemim gerçekleşmedi. Ancak, hesabımdan para çekildi. Paramın iadesini istiyorum.", Mevduat, Para Transferi
"Yurt içi ve yurt dışı para transferleri için işlem limitleri nelerdir? Günlük veya aylık transfer limitlerim hakkında bilgi alabilir miyim?", Mevduat, Para Transferi
"Yanlış yapılan havale işlemi iptal edilebilir mi?", Mevduat, Para Transferi
"Transferin alıcıya ulaşıp ulaşmadığını nasıl kontrol edebilirim?", Mevduat, Para Transferi
"EFT işlemleri hangi saatler arasında gerçekleştirilebilir? İşlem saatleri dışında yapılan EFT'ler ne zaman işleme alınır?", Mevduat, Para Transferi
"Mevduat hesabı bakiyem yanlış gsöteriliyor", Mevduat, Para Transferi
"Mevduat hesap hareketleri güncellenemiyor", Mevduat, Para Transferi
"Mevduat hesabından para çekemyorum", Mevduat, Para Transferi
"Mevduat hesabına uygulanan faiz oranı yanlış hesaplanmış.Nasıl çözebilirim?", Mevduat, Para Transferi
"Mevduat hesabımdan yapılan otomatik ödemeler zamanında gerçekleştirilmiyor.Yardımcı olur musunuz?", Mevduat, Para Transferi
"Mevduat hesabımın ekstresi hatalı veya eksik.Nasıl çözebilirim?", Mevduat, Para Transferi
"Mevduat hesabı açma veya kapama işlemleri sırasında teknik sorunlar yaşanıyor.Detaylı bilgi almak istiyorum", Mevduat, Para Transferi
"Mevduat hesabıma hatalı hesap işletim ücreti yansıtılıyor.Nasıl çözebilirim?", Mevduat, Para Transferi
"Mobil veya internet bankacılığı üzerinden mevduat hesabıma erişim sağlayamıyorum.Yardımcı olur musunuz?", Mevduat, Para Transferi
"Dijital bankacılık uygulaması üzerinden mevduat hesabı açamıyorum.", Mevduat, Para Transferi
"Hesap bilgilerimi güncellemekte zorlanıyorum", Mevduat, Para Transferi
"Hesabım sebepsiz yere bloke ediliyor.", Mevduat, Para Transferi
"Yanlış döviz kurları uygulanıyor.", Mevduat, Para Transferi
"Yanlış dönem sonu raporları alıyorum.", Mevduat, Para Transferi
"Mevduat hesabımın getirisi neden çok düşük?", Mevduat, Para Transferi
"Hesap hareketlerimin takibi neden zor?", Mevduat, Para Transferi
"Vadeli mevduat hesabı açarken hata alıyorum", Mevduat, Vadeli Mevduat
"Vadeli mevduat faiz oranı yanlış hesaplanmış", Mevduat, Vadeli Mevduat
"Vadeli mevduat hesabı kapatma işlemi başarısız", Mevduat, Vadeli Mevduat
"Vadeli mevduat hesabımdaki parayı başka bir hesaba aktarmak istiyorum. Nasıl yapabilirim?", Mevduat, Vadeli Mevduat
"Vadeli mevduat hesabımın faiz oranlarını öğrenmek istiyorum. Yardımcı olabilir misiniz?", Mevduat, Vadeli Mevduat
"Vadeli mevduat hesabıma ek para yatırmak istiyorum. Bu mümkün mü?", Mevduat, Vadeli Mevduat
"Vadeli mevduat hesabımı kapatmak istiyorum. Bunun için ne yapmam gerekiyor?", Mevduat, Vadeli Mevduat
"Vadeli mevduat hesabımdan erken çekim yapmak istiyorum. Faiz kaybım olur mu?", Mevduat, Vadeli Mevduat
"Vadeli mevduat hesabımdaki anaparayı çekmek istiyorum. Bu mümkün mü?", Mevduat, Vadeli Mevduat
"Vadeli mevduat hesabımdaki faiz oranları değişti mi? Güncel oranları nasıl öğrenebilirim?", Mevduat, Vadeli Mevduat
"Vadeli mevduat hesabımı başka bir bankaya taşımak istiyorum. Bu süreç nasıl işler?", Mevduat, Vadeli Mevduat
"Vadeli mevduat hesabıma otomatik para yatırma talimatı verebilir miyim?", Mevduat, Vadeli Mevduat
"Vadeli mevduat hesabımın vadesi doldu. Parayı nasıl çekebilirim?", Mevduat, Vadeli Mevduat
"Vadeli mevduat hesabımın vadesi dolduğunda otomatik yenileme yapılıyor mu? Nasıl kontrol edebilirim?", Mevduat, Vadeli Mevduat
"Vadeli mevduat hesabımdaki anapara üzerinden vergi kesintisi yapılıyor mu? Detaylı bilgi almak istiyorum.", Mevduat, Vadeli Mevduat
"Vadeli mevduat hesabı açmak için gerekli minimum tutar nedir?", Mevduat, Vadeli Mevduat
"Vadeli mevduat hesabımın faiz getirisi nasıl hesaplanıyor?", Mevduat, Vadeli Mevduat
"Vadeli mevduat hesabımı kapatmak istiyorum ama erken kapama cezası olur mu?", Mevduat, Vadeli Mevduat
"Merhaba, müşterimiz kur korumalı vadeli hesabına kur farkı yatmadığını belirtmekte ve tarafına dönüş sağlanmasını talep etmektedir. Saygılar.", Mevduat, Vadeli Mevduat
"Vadeli hesabımdaki faizi kontrol etmek istiyorum. Bunun için nasıl bir işlem yapmam gerekiyor?", Mevduat, Vadeli Mevduat
"Vadeli mevduat hesabı açarken karşılaşılan sorunları nasıl çözebilirim?", Mevduat, Vadeli Mevduat
"Merhaba müşterimiz kur korumalı vadeli hesabına kur farkı yatmadığını tarafına dönüş sağlanmasını talpe eder. Saygılar.", Mevduat, Vadeli Mevduat
"Sayin xbank,Benim vadeli hesapta bulunan 123.456,71 tl yi 11.05.2024 tarihinde sabah vadesiz hesaba aktarmanizi rica ederim...Saygılarımla ,", Mevduat, Vadeli Mevduat
"Merhaba, vadeli mevduat hesabımın süresi doldu fakat faiz oranı beklediğimden düşük geldi. Bu konuda bilgilendirilmek istiyorum.", Mevduat, Vadeli Mevduat
"Sayın xbank, vadeli hesabımdan vadesiz hesaba para aktarımı talimatı verdim ama işlem gerçekleşmedi. Yardımcı olabilir misiniz?", Mevduat, Vadeli Mevduat
"Merhaba, kur korumalı vadeli hesabımdaki faiz oranının güncellenmediğini fark ettim. Bu durumu inceleyip dönüş yapabilir misiniz?", Mevduat, Vadeli Mevduat
"İyi günler, vadeli mevduat hesabımdaki anapara ve faiz tutarlarını mobil uygulamada göremiyorum. Yardımcı olabilir misiniz?", Mevduat, Vadeli Mevduat
"Merhaba, vadeli hesabımdan çekmek istediğim tutarı erken çekmek istedim ama kesinti yapıldı. Kesinti oranı hakkında bilgi almak istiyorum.", Mevduat, Vadeli Mevduat
"Selam, vadeli mevduat hesabımın süresi dolduğunda otomatik olarak yenilenmesini istemiştim fakat yenilenmedi. Bu sorunu nasıl çözebiliriz?", Mevduat, Vadeli Mevduat
"Merhaba, vadeli hesabımdaki faiz oranının düşmesiyle ilgili bir bilgilendirme almadım. Bu konuda daha iyi bilgilendirme talep ediyorum.", Mevduat, Vadeli Mevduat
"İyi günler, vadeli mevduat hesabımdan çekmek istediğim tutarın işlemi sırasında sürekli hata alıyorum. Yardımcı olabilir misiniz?", Mevduat, Vadeli Mevduat
"Merhaba, vadeli hesabımdan vadesiz hesaba para aktarmak istiyorum ama internet bankacılığı üzerinden işlem gerçekleştiremiyorum. Bu konuda yardım istiyorum.", Mevduat, Vadeli Mevduat
"Selam, vadeli hesabımdaki paranın vadesi dolmasına rağmen hesabıma yansımadı. Durum hakkında bilgilendirilmek istiyorum.", Mevduat, Vadeli Mevduat
"Merhaba, vadeli mevduat hesabımın faiz oranının yüksek olacağı söylenmişti fakat düşük yansıtıldı. Bu durumu nasıl düzeltebiliriz?", Mevduat, Vadeli Mevduat
"İyi günler, vadeli hesap açarken yapılan kesintiler hakkında bilgilendirme almak istiyorum. Yardımcı olabilir misiniz?", Mevduat, Vadeli Mevduat
"Merhaba, vadeli hesabımdan çekim yapmak istediğimde hesapta görünen tutar eksik. Bu eksikliğin nedenini öğrenmek istiyorum.", Mevduat, Vadeli Mevduat
"Selam, vadeli mevduat hesabımın süresi dolduğunda otomatik olarak vadesiz hesaba aktarma işlemi gerçekleşmedi. Bu sorunu nasıl çözebiliriz?", Mevduat, Vadeli Mevduat
"Merhaba, vadeli hesap açarken yapılan kesintiler hakkında bilgilendirme almak istiyorum. Yardımcı olabilir misiniz?", Mevduat, Vadeli Mevduat
"İyi günler, vadeli mevduat hesabımdaki paranın vadesi dolmasına rağmen hesabıma yansımadı. Durum hakkında bilgilendirilmek istiyorum.", Mevduat, Vadeli Mevduat
"Merhaba, vadeli hesabımdan çekmek istediğim tutarın işlemi sırasında sürekli hata alıyorum. Yardımcı olabilir misiniz?", Mevduat, Vadeli Mevduat
"Kartım bloke oldu ve müşteri hizmetlerine ulaşmak çok zor oldu. Saatlerce bekledim", Fraud Yönetimi, Hesap/Kart Bloke Kaldırma
"Hesap bloke kaldırma işlemi çok uzun sürdü ve yeterli bilgi alamadım", Fraud Yönetimi, Hesap/Kart Bloke Kaldırma
"Kartım bloke oldu, nasıl kaldırabilirim?", Fraud Yönetimi, Hesap/Kart Bloke Kaldırma
"Bloke kaldırma işlemi ne kadar sürüyor?", Fraud Yönetimi, Hesap/Kart Bloke Kaldırma
"Bloke kaldırmak için hangi belgeler gerekli?", Fraud Yönetimi, Hesap/Kart Bloke Kaldırma
"Blokeyi kaldırmak için şubeye gitmek zorunda mıyım?", Fraud Yönetimi, Hesap/Kart Bloke Kaldırma
"Online bankacılıktan blokeyi kaldırabilir miyim?", Fraud Yönetimi, Hesap/Kart Bloke Kaldırma
"Kartımın neden bloke edildiğini nasıl öğrenebilirim?", Fraud Yönetimi, Hesap/Kart Bloke Kaldırma
"Blokeyi kaldırmak için müşteri hizmetlerini aradım, neden kimseye ulaşamıyorum?", Fraud Yönetimi, Hesap/Kart Bloke Kaldırma
"Bloke kaldırma işlemi için neden beklemem gerekiyor?", Fraud Yönetimi, Hesap/Kart Bloke Kaldırma
"Bloke kaldırma işlemini hızlandırmanın bir yolu var mı?", Fraud Yönetimi, Hesap/Kart Bloke Kaldırma
"Telefon bankacılığından bloke kaldırabilir miyim?", Fraud Yönetimi, Hesap/Kart Bloke Kaldırma
"Bloke kaldırma işlemi sırasında ücret ödemem gerekiyor mu?", Fraud Yönetimi, Hesap/Kart Bloke Kaldırma
"Blokeyi kaldırdıktan sonra kartımı hemen kullanabilir miyim?", Fraud Yönetimi, Hesap/Kart Bloke Kaldırma
"Bloke kaldırma işlemi için hangi şubeye gitmeliyim?", Fraud Yönetimi, Hesap/Kart Bloke Kaldırma
"Bloke kaldırma işlemi sırasında neden bu kadar çok belge gerekiyor?", Fraud Yönetimi, Hesap/Kart Bloke Kaldırma
"Blokeyi kaldırmak için ne kadar süre beklemem gerekiyor?", Fraud Yönetimi, Hesap/Kart Bloke Kaldırma
"Kartımın bloke olduğunu nasıl öğrenebilirim?", Fraud Yönetimi, Hesap/Kart Bloke Kaldırma
"Bloke kaldırma işlemi için randevu almam gerekiyor mu?", Fraud Yönetimi, Hesap/Kart Bloke Kaldırma
"Blokeyi kaldırmak için ne yapmalıyım?", Fraud Yönetimi, Hesap/Kart Bloke Kaldırma
"Blokeyi kaldırmak için kimlerle iletişime geçebilirim?", Fraud Yönetimi, Hesap/Kart Bloke Kaldırma
"Bloke kaldırma işlemi sırasında neden bu kadar çok beklemem gerekiyor?", Fraud Yönetimi, Hesap/Kart Bloke Kaldırma
"Kartım bloke olduğu için alışveriş yapamıyorum, ne yapmalıyım?", Fraud Yönetimi, Hesap/Kart Bloke Kaldırma
"Bloke kaldırma işlemi sırasında nelere dikkat etmeliyim?", Fraud Yönetimi, Hesap/Kart Bloke Kaldırma
"Bloke kaldırma işlemi için hangi saatlerde müşteri hizmetleri çalışıyor?", Fraud Yönetimi, Hesap/Kart Bloke Kaldırma
"Bloke kaldırma işlemi sırasında sık karşılaşılan sorunlar nelerdir?", Fraud Yönetimi, Hesap/Kart Bloke Kaldırma
"Blokeyi kaldırmak için internet bankacılığını kullanabilir miyim?", Fraud Yönetimi, Hesap/Kart Bloke Kaldırma
"Bloke kaldırma işlemi sırasında hangi bilgileri vermem gerekiyor?", Fraud Yönetimi, Hesap/Kart Bloke Kaldırma
"Blokeyi kaldırdıktan sonra kartımı hemen kullanabilir miyim?", Fraud Yönetimi, Hesap/Kart Bloke Kaldırma
"Bloke kaldırma işlemi sırasında ne kadar beklemem gerekiyor?", Fraud Yönetimi, Hesap/Kart Bloke Kaldırma
"Bloke kaldırma işlemi sırasında müşteri hizmetlerine nasıl ulaşabilirim?", Fraud Yönetimi, Hesap/Kart Bloke Kaldırma
"Bloke kaldırma işlemi sırasında yaşanan aksaklıklar nelerdir?", Fraud Yönetimi, Hesap/Kart Bloke Kaldırma
"Blokeyi kaldırmak için müşteri hizmetlerini aradım ama kimseye ulaşamıyorum.", Fraud Yönetimi, Hesap/Kart Bloke Kaldırma
"Şubeye gittim, blokeyi kaldırmaları 3 gün sürdü. Bu kadar zor mu?", Fraud Yönetimi, Hesap/Kart Bloke Kaldırma
"Online bankacılık üzerinden bloke kaldırma işlemi yapılamıyor, neden bu kadar karmaşık?", Fraud Yönetimi, Hesap/Kart Bloke Kaldırma
"Kartım bloke oldu ve kimse neden olduğunu söyleyemiyor.", Fraud Yönetimi, Hesap/Kart Bloke Kaldırma
"Müşteri hizmetleri yetersiz, bloke işlemiyle ilgili düzgün bilgi alamadım.", Fraud Yönetimi, Hesap/Kart Bloke Kaldırma
"Bloke kaldırma işlemi çok uzun sürdü, mağdur oldum.", Fraud Yönetimi, Hesap/Kart Bloke Kaldırma
"İnternet bankacılığında bloke kaldırma seçeneği yok, sürekli şubeye gitmek zorundayım.", Fraud Yönetimi, Hesap/Kart Bloke Kaldırma
"Kartımın neden bloke olduğunu bile bilmiyorum, bilgi eksikliği var.", Fraud Yönetimi, Hesap/Kart Bloke Kaldırma
"Blokeyi kaldırmak için gerekli belgeleri tamamladım ama yine de işlem yapılmadı.", Fraud Yönetimi, Hesap/Kart Bloke Kaldırma
"Müşteri hizmetleri bekleme süresi çok uzun, blokeyi kaldıramadım.", Fraud Yönetimi, Hesap/Kart Bloke Kaldırma
"Kartımın bloke olduğu konusunda bilgilendirilmedim, alışveriş yaparken öğrendim.", Fraud Yönetimi, Hesap/Kart Bloke Kaldırma
"Bloke kaldırma süreci çok yavaş, acil işlerimde aksaklık yaşadım.", Fraud Yönetimi, Hesap/Kart Bloke Kaldırma
"Telefon bankacılığı üzerinden bloke kaldıramıyorum, bu çok sinir bozucu.", Fraud Yönetimi, Hesap/Kart Bloke Kaldırma
"Bloke kaldırma işlemi için sürekli farklı belgeler isteniyor, kafa karıştırıcı.", Fraud Yönetimi, Hesap/Kart Bloke Kaldırma
"Şubeye gittiğimde çalışanlar yeterince yardımcı olamadı, sorun çözülmedi.", Fraud Yönetimi, Hesap/Kart Bloke Kaldırma
"Bloke kaldırma işlemi sırasında sürekli farklı müşteri temsilcileri ile görüşmek zorunda kaldım.", Fraud Yönetimi, Hesap/Kart Bloke Kaldırma
"Bloke kaldırma işlemi için tekrar tekrar şubeye gitmek zorunda kaldım.", Fraud Yönetimi, Hesap/Kart Bloke Kaldırma
"Kartımın bloke olduğunu geç fark ettim, çünkü hiçbir uyarı almadım.", Fraud Yönetimi, Hesap/Kart Bloke Kaldırma
"Bloke kaldırmak için gerekli bilgileri vermeme rağmen işlem yapılmadı.", Fraud Yönetimi, Hesap/Kart Bloke Kaldırma
"Bloke kaldırma süreci çok zahmetli, daha kolay bir çözüm sunmalılar.", Fraud Yönetimi, Hesap/Kart Bloke Kaldırma
"Gönderdiğim EFT'nin teyidini nasıl alabilirim?", Fraud Yönetimi, EFT/Havale Teyit
"Havale işleminin başarıyla gerçekleştiğini nasıl kontrol edebilirim?", Fraud Yönetimi, EFT/Havale Teyit
"EFT/havale işlemi ne kadar sürede onaylanır?", Fraud Yönetimi, EFT/Havale Teyit
"EFT'nin alıcı hesabına ulaşıp ulaşmadığını nasıl öğrenebilirim?", Fraud Yönetimi, EFT/Havale Teyit
"Havale işlemimi nasıl teyit edebilirim?", Fraud Yönetimi, EFT/Havale Teyit
"EFT işlemi sırasında herhangi bir hata oldu mu nasıl anlayabilirim?", Fraud Yönetimi, EFT/Havale Teyit
"Havale işleminin durumunu nasıl takip edebilirim?", Fraud Yönetimi, EFT/Havale Teyit
"EFT'nin doğru hesaba ulaştığını nasıl garanti edebilirim?", Fraud Yönetimi, EFT/Havale Teyit
"Havale işleminin tamamlandığını nasıl teyit edebilirim?", Fraud Yönetimi, EFT/Havale Teyit
"EFT işlemi sırasında verilen referans numarasını nasıl kullanabilirim?", Fraud Yönetimi, EFT/Havale Teyit
"Gönderdiğim EFT'nin teyidini almak için müşteri hizmetlerine ulaşamıyorum.", Fraud Yönetimi, EFT/Havale Teyit
"Havale işleminin başarılı olduğunu kontrol etmek çok zor oldu.", Fraud Yönetimi, EFT/Havale Teyit
"EFT onay süresi çok uzun, mağdur oldum.", Fraud Yönetimi, EFT/Havale Teyit
"Alıcı hesabına ulaşan EFT'yi teyit etmek için yeterli bilgi verilmedi.", Fraud Yönetimi, EFT/Havale Teyit
"Havale işlemini teyit etmek için sürekli bankayı aramak zorunda kaldım.", Fraud Yönetimi, EFT/Havale Teyit
"EFT işlemi sırasında bir hata oldu ama kimse bilgi vermedi.", Fraud Yönetimi, EFT/Havale Teyit
"Havale işleminin durumunu takip etmek çok karmaşık.", Fraud Yönetimi, EFT/Havale Teyit
"EFT'nin doğru hesaba ulaştığını kontrol etmek için çok uğraştım.", Fraud Yönetimi, EFT/Havale Teyit
"Havale işleminin tamamlandığını teyit etmek zor oldu.", Fraud Yönetimi, EFT/Havale Teyit
"EFT referans numarasını kullanarak işlemimi takip edemedim.", Fraud Yönetimi, EFT/Havale Teyit
"Hesabımda dolandırıcılık şüphesi var, ne yapmalıyım?", Fraud Yönetimi, Dolandırıcılık/Bilgi Dışı Şüpheli Hesap-Kart İşlemleri
"Kartımda şüpheli işlemler gördüm, nasıl itiraz edebilirim?", Fraud Yönetimi, Dolandırıcılık/Bilgi Dışı Şüpheli Hesap-Kart İşlemleri
"Şüpheli bir işlem gördüğümde ilk adım ne olmalı?", Fraud Yönetimi, Dolandırıcılık/Bilgi Dışı Şüpheli Hesap-Kart İşlemleri
"Dolandırıcılık durumunda kartımı nasıl bloke ettirebilirim?", Fraud Yönetimi, Dolandırıcılık/Bilgi Dışı Şüpheli Hesap-Kart İşlemleri
"Hesabımdaki şüpheli işlemleri nasıl takip edebilirim?", Fraud Yönetimi, Dolandırıcılık/Bilgi Dışı Şüpheli Hesap-Kart İşlemleri
"Dolandırıcılık şüphesi olduğunda banka ile nasıl iletişime geçebilirim?", Fraud Yönetimi, Dolandırıcılık/Bilgi Dışı Şüpheli Hesap-Kart İşlemleri
"Şüpheli bir işlem için ne kadar sürede geri ödeme alabilirim?", Fraud Yönetimi, Dolandırıcılık/Bilgi Dışı Şüpheli Hesap-Kart İşlemleri
"Hesabımda şüpheli bir işlem olduğunu nasıl anlarım?", Fraud Yönetimi, Dolandırıcılık/Bilgi Dışı Şüpheli Hesap-Kart İşlemleri
"Dolandırıcılık şüphesi olan işlemleri nasıl bildirebilirim?", Fraud Yönetimi, Dolandırıcılık/Bilgi Dışı Şüpheli Hesap-Kart İşlemleri
"Kartımın dolandırıcılık şüphesiyle bloke edilip edilmediğini nasıl öğrenebilirim?", Fraud Yönetimi, Dolandırıcılık/Bilgi Dışı Şüpheli Hesap-Kart İşlemleri
"Hesabımdaki şüpheli işlemler için ne tür belgeler gereklidir?", Fraud Yönetimi, Dolandırıcılık/Bilgi Dışı Şüpheli Hesap-Kart İşlemleri
"Dolandırıcılık durumunda hesabımı nasıl güvende tutabilirim?", Fraud Yönetimi, Dolandırıcılık/Bilgi Dışı Şüpheli Hesap-Kart İşlemleri
"Şüpheli işlemleri bildirmek için banka şubesine gitmem gerekir mi?", Fraud Yönetimi, Dolandırıcılık/Bilgi Dışı Şüpheli Hesap-Kart İşlemleri
"Şüpheli işlemler için telefon bankacılığı kullanılabilir mi?", Fraud Yönetimi, Dolandırıcılık/Bilgi Dışı Şüpheli Hesap-Kart İşlemleri
"Dolandırıcılık durumunda yeni kart talep edebilir miyim?", Fraud Yönetimi, Dolandırıcılık/Bilgi Dışı Şüpheli Hesap-Kart İşlemleri
"Hesabımda şüpheli işlem gördüğümde polisi aramalı mıyım?", Fraud Yönetimi, Dolandırıcılık/Bilgi Dışı Şüpheli Hesap-Kart İşlemleri
"Şüpheli bir işlem için banka ne kadar sürede geri dönüş yapar?", Fraud Yönetimi, Dolandırıcılık/Bilgi Dışı Şüpheli Hesap-Kart İşlemleri
"Dolandırıcılık durumunda yasal haklarım nelerdir?", Fraud Yönetimi, Dolandırıcılık/Bilgi Dışı Şüpheli Hesap-Kart İşlemleri
"Şüpheli işlemleri önlemek için neler yapabilirim?", Fraud Yönetimi, Dolandırıcılık/Bilgi Dışı Şüpheli Hesap-Kart İşlemleri
"Dolandırıcılık şüphesi olan işlemler için kimlerle iletişime geçebilirim?", Fraud Yönetimi, Dolandırıcılık/Bilgi Dışı Şüpheli Hesap-Kart İşlemleri
"Hesabımdaki şüpheli işlemleri nasıl iptal edebilirim?", Fraud Yönetimi, Dolandırıcılık/Bilgi Dışı Şüpheli Hesap-Kart İşlemleri
"Dolandırıcılık şüphesi durumunda hesabım tamamen kapanır mı?", Fraud Yönetimi, Dolandırıcılık/Bilgi Dışı Şüpheli Hesap-Kart İşlemleri
"Şüpheli işlem bildiriminde bulunurken hangi bilgileri vermeliyim?", Fraud Yönetimi, Dolandırıcılık/Bilgi Dışı Şüpheli Hesap-Kart İşlemleri
"Dolandırıcılık şüphesi durumunda banka nasıl bir inceleme yapar?", Fraud Yönetimi, Dolandırıcılık/Bilgi Dışı Şüpheli Hesap-Kart İşlemleri
"Şüpheli işlemleri engellemek için hangi güvenlik önlemlerini alabilirim?", Fraud Yönetimi, Dolandırıcılık/Bilgi Dışı Şüpheli Hesap-Kart İşlemleri
"Hesabımdaki şüpheli işlemler için ne kadar süre beklemeliyim?", Fraud Yönetimi, Dolandırıcılık/Bilgi Dışı Şüpheli Hesap-Kart İşlemleri
"Dolandırıcılık şüphesi durumunda hesabımı nasıl koruyabilirim?", Fraud Yönetimi, Dolandırıcılık/Bilgi Dışı Şüpheli Hesap-Kart İşlemleri
"Şüpheli işlemler için banka şikayet hattı numarası nedir?", Fraud Yönetimi, Dolandırıcılık/Bilgi Dışı Şüpheli Hesap-Kart İşlemleri
"Dolandırıcılık şüphesi olan işlemler için banka ne tür aksiyonlar alır?", Fraud Yönetimi, Dolandırıcılık/Bilgi Dışı Şüpheli Hesap-Kart İşlemleri
"Şüpheli işlem bildiriminde bulunmak için online bankacılığı kullanabilir miyim?", Fraud Yönetimi, Dolandırıcılık/Bilgi Dışı Şüpheli Hesap-Kart İşlemleri
"Hesabımdaki şüpheli işlemi bankaya bildirdim ama hiçbir geri dönüş alamadım.", Fraud Yönetimi, Dolandırıcılık/Bilgi Dışı Şüpheli Hesap-Kart İşlemleri
"Kartımda dolandırıcılık şüphesi vardı, ama banka süreci çok yavaş yürüttü.", Fraud Yönetimi, Dolandırıcılık/Bilgi Dışı Şüpheli Hesap-Kart İşlemleri
"Şüpheli işlemleri iptal etmek için şubeye gitmek zorunda kaldım, çok zahmetliydi.", Fraud Yönetimi, Dolandırıcılık/Bilgi Dışı Şüpheli Hesap-Kart İşlemleri
"Dolandırıcılık şüphesi nedeniyle hesabım bloke edildi, mağdur oldum.", Fraud Yönetimi, Dolandırıcılık/Bilgi Dışı Şüpheli Hesap-Kart İşlemleri
"Şüpheli işlemleri bildirmek için müşteri hizmetlerine ulaşmak çok zor.", Fraud Yönetimi, Dolandırıcılık/Bilgi Dışı Şüpheli Hesap-Kart İşlemleri
"Hesabımdaki şüpheli işlem için bankadan yeterli destek alamadım.", Fraud Yönetimi, Dolandırıcılık/Bilgi Dışı Şüpheli Hesap-Kart İşlemleri
"Dolandırıcılık şüphesi olan işlemle ilgili bilgi almak çok zaman aldı.", Fraud Yönetimi, Dolandırıcılık/Bilgi Dışı Şüpheli Hesap-Kart İşlemleri
"Kartım bloke edildiğinde alışveriş yaparken büyük bir sıkıntı yaşadım.", Fraud Yönetimi, Dolandırıcılık/Bilgi Dışı Şüpheli Hesap-Kart İşlemleri
"Şüpheli işlem bildiriminde bulunduğumda yeterli ilgi görmedim.", Fraud Yönetimi, Dolandırıcılık/Bilgi Dışı Şüpheli Hesap-Kart İşlemleri
"Dolandırıcılık şüphesiyle ilgili bankanın incelemesi çok uzun sürdü.", Fraud Yönetimi, Dolandırıcılık/Bilgi Dışı Şüpheli Hesap-Kart İşlemleri
"Şüpheli işlemler için bankaya ulaştığımda sürekli bekletildim.", Fraud Yönetimi, Dolandırıcılık/Bilgi Dışı Şüpheli Hesap-Kart İşlemleri
"Hesabımdaki şüpheli işlem için müşteri hizmetlerinden net bir cevap alamadım.", Fraud Yönetimi, Dolandırıcılık/Bilgi Dışı Şüpheli Hesap-Kart İşlemleri
"Dolandırıcılık şüphesi olan işlemlerle ilgili banka yeterince hızlı hareket etmedi.", Fraud Yönetimi, Dolandırıcılık/Bilgi Dışı Şüpheli Hesap-Kart İşlemleri
"Şüpheli işlem bildiriminde bulunurken sürekli farklı müşteri temsilcileriyle görüştüm.", Fraud Yönetimi, Dolandırıcılık/Bilgi Dışı Şüpheli Hesap-Kart İşlemleri
"Hesabımdaki şüpheli işlemler için banka sürekli ek belgeler talep etti.", Fraud Yönetimi, Dolandırıcılık/Bilgi Dışı Şüpheli Hesap-Kart İşlemleri
"Dolandırıcılık şüphesiyle ilgili işlem süreci çok karmaşıktı.", Fraud Yönetimi, Dolandırıcılık/Bilgi Dışı Şüpheli Hesap-Kart İşlemleri
"Şüpheli işlemlerle ilgili bankadan yeterli bilgilendirme alamadım.", Fraud Yönetimi, Dolandırıcılık/Bilgi Dışı Şüpheli Hesap-Kart İşlemleri
"Dolandırıcılık şüphesi nedeniyle hesabım kapandı, işlerim aksadı.", Fraud Yönetimi, Dolandırıcılık/Bilgi Dışı Şüpheli Hesap-Kart İşlemleri
"Şüpheli işlem bildiriminde bulunurken bankanın müşteri hizmetleri yetersiz kaldı.", Fraud Yönetimi, Dolandırıcılık/Bilgi Dışı Şüpheli Hesap-Kart İşlemleri
"Hesabımdaki şüpheli işlemlerle ilgili bankanın çözüm süreci çok yavaş işledi.", Fraud Yönetimi, Dolandırıcılık/Bilgi Dışı Şüpheli Hesap-Kart İşlemleri
"Hesabımda fark etmediğim ve onaylamadığım işlemler görüyorum. Acilen kartımın bloke edilmesini ve şüpheli işlemlerin incelenmesini talep ediyorum", Fraud Yönetimi, Dolandırıcılık/Bilgi Dışı Şüpheli Hesap-Kart İşlemleri
"Kartımda yapılan şüpheli işlemler için itiraz formunu doldurdum ve gerekli belgeleri sundum. Ancak, banka süreci çok yavaş yürütüyor ve bir geri dönüş alamadım. Sürecin hızlandırılmasını istiyorum.", Fraud Yönetimi, Dolandırıcılık/Bilgi Dışı Şüpheli Hesap-Kart İşlemleri
"Dolandırıcılık şüphesiyle ilgili müşteri hizmetlerini aradım fakat yeterli destek alamadım. Sürekli farklı temsilcilerle görüştüm ve net bir cevap verilmedi. Bu konuyla ilgili acilen çözüm istiyorum.", Fraud Yönetimi, Dolandırıcılık/Bilgi Dışı Şüpheli Hesap-Kart İşlemleri
"Hesabımdaki şüpheli işlemlerle ilgili polis raporu sundum fakat banka hala ek belgeler talep ediyor. Sürecin neden bu kadar karmaşık olduğunu anlamıyorum ve hızlı bir çözüm bekliyorum.", Fraud Yönetimi, Dolandırıcılık/Bilgi Dışı Şüpheli Hesap-Kart İşlemleri
"Şüpheli işlemlerle ilgili itirazda bulundum fakat bankadan hala geri ödeme almadım. Süreç çok uzun sürdü ve bu durum mağduriyet yaratıyor. Acilen paramın iade edilmesini talep ediyorum.", Fraud Yönetimi, Dolandırıcılık/Bilgi Dışı Şüpheli Hesap-Kart İşlemleri
"Online bankacılık üzerinden şüpheli işlemleri bildirdim ancak geri dönüş alamadım. İşlemler hala devam ediyor ve bu durum güvenlik açığı yaratıyor. Konunun acilen incelenmesini istiyorum", Fraud Yönetimi, Dolandırıcılık/Bilgi Dışı Şüpheli Hesap-Kart İşlemleri
"Dolandırıcılık şüphesi nedeniyle kartımı bloke ettirdim ve yeni bir kart talep ettim. Ancak, yeni kartımın teslimatı gecikti ve bu durum günlük işlerimi aksatıyor. Yeni kartımın bir an önce gönderilmesini talep ediyorum", Fraud Yönetimi, Dolandırıcılık/Bilgi Dışı Şüpheli Hesap-Kart İşlemleri
"Hesabımda sık sık şüpheli işlemler görüyorum ve bu durum beni endişelendiriyor. Bankadan daha güçlü güvenlik önlemleri almasını ve hesap hareketlerimin daha sıkı takip edilmesini talep ediyorum.", Fraud Yönetimi, Dolandırıcılık/Bilgi Dışı Şüpheli Hesap-Kart İşlemleri
"Yatırım hesabıma izinsiz erişim girişimleri fark ettim. Platformun güvenliği konusunda ciddi endişelerim var.", Fraud Yönetimi, Dolandırıcılık/Bilgi Dışı Şüpheli Yatırım İşlemleri
"Hesap bilgilerimin çalındığını fark ettim, hemen ne yapmalıyım?", Fraud Yönetimi, Bilgi-Belge Sahteciliği/Kayıp
"Belgelerimin sahte olup olmadığını nasıl doğrulatabilirim?", Fraud Yönetimi, Bilgi-Belge Sahteciliği/Kayıp
"Kayıp belgelerimi bildirmek için hangi adımları izlemeliyim?", Fraud Yönetimi, Bilgi-Belge Sahteciliği/Kayıp
"Hesap bilgilerim çalındığında bankamı bilgilendirmenin en hızlı yolu nedir?", Fraud Yönetimi, Bilgi-Belge Sahteciliği/Kayıp
"Sahte belgelerle yapılan işlemleri nasıl tespit edebilirim?", Fraud Yönetimi, Bilgi-Belge Sahteciliği/Kayıp
"Kayıp belgelerimle ilgili bankanın yapacağı işlemler nelerdir?", Fraud Yönetimi, Bilgi-Belge Sahteciliği/Kayıp
"Hesap bilgilerim çalındığında ne tür güvenlik önlemleri alabilirim?", Fraud Yönetimi, Bilgi-Belge Sahteciliği/Kayıp
"Sahte belgelerle yapılan işlemler için yasal olarak ne yapabilirim?", Fraud Yönetimi, Bilgi-Belge Sahteciliği/Kayıp
"Kayıp belgelerimi bildirdiğimde bankam nasıl bir süreç izler?", Fraud Yönetimi, Bilgi-Belge Sahteciliği/Kayıp
"Hesap bilgilerim çalındıysa kartımı nasıl yenileyebilirim?", Fraud Yönetimi, Bilgi-Belge Sahteciliği/Kayıp
"Hesap bilgilerimin çalındığını bankaya bildirdim, ama sorunum çözülmedi.", Fraud Yönetimi, Bilgi-Belge Sahteciliği/Kayıp
"Sahte belgelerle yapılan işlemler için bankadan yeterli destek alamadım.", Fraud Yönetimi, Bilgi-Belge Sahteciliği/Kayıp
"Kayıp belgelerimi bildirdiğimde banka süreci çok yavaş ilerletti, mağdur oldum.", Fraud Yönetimi, Bilgi-Belge Sahteciliği/Kayıp
"Hesap bilgilerim çalındığında müşteri hizmetlerine ulaşmak çok zor oldu.", Fraud Yönetimi, Bilgi-Belge Sahteciliği/Kayıp
"Sahte belgelerle yapılan işlemleri bankaya bildirdiğimde gereken önlemler alınmadı.", Fraud Yönetimi, Bilgi-Belge Sahteciliği/Kayıp
"Kayıp belgelerimle ilgili bankadan yeterli bilgilendirme alamadım.", Fraud Yönetimi, Bilgi-Belge Sahteciliği/Kayıp
"Hesap bilgilerim çalındığında banka yeterince hızlı hareket etmedi.", Fraud Yönetimi, Bilgi-Belge Sahteciliği/Kayıp
"Sahte belgelerle yapılan işlemleri iptal etmek için çok uğraştım, ama sonuç alamadım.", Fraud Yönetimi, Bilgi-Belge Sahteciliği/Kayıp
"Kayıp belgelerimi bildirdiğimde sürekli farklı müşteri temsilcileriyle görüşmek zorunda kaldım.", Fraud Yönetimi, Bilgi-Belge Sahteciliği/Kayıp
"Hesap bilgilerim çalındığında bankanın çözüm süreci çok karmaşık ve yavaş oldu, büyük sıkıntı yaşadım.", Fraud Yönetimi, Bilgi-Belge Sahteciliği/Kayıp
"Nasıl hisse senedi alabilirim/satabilirim?", Yatırım Ürünleri, Yatırım İşlemleri
"Yatırım işlemlerimle ilgili yardıma ihtiyacım var.", Yatırım Ürünleri, Yatırım İşlemleri
"Bugünkü döviz kurları ne?", Yatırım Ürünleri, Yatırım İşlemleri
"Vadeli mevduat hesaplarımın faiz oranları hakkında net bilgiye ulaşmakta zorlanıyorum.", Yatırım Ürünleri, Yatırım İşlemleri
"Yatırım yaptığım hisselerin yanlış hesaplandığını fark ettim. Durumu düzeltmeleri için defalarca aradım ama hala bir ilerleme yok.", Yatırım Ürünleri, Yatırım İşlemleri
"Son zamanlarda yatırım hesabıma giriş yapamıyorum. Müşteri hizmetlerini aradım ama çözüm bulamadılar. Bu durumdan çok rahatsızım.", Yatırım Ürünleri, Yatırım İşlemleri
"Yatırım hesabıma para yatırmak istedim ancak işlem gerçekleşmedi. Müşteri hizmetleriyle defalarca görüştüm ama hala çözülemedi", Yatırım Ürünleri, Yatırım İşlemleri
"Yatırım hesabımdan iznim olmadan para çekilmiş.", Yatırım Ürünleri, Yatırım İşlemleri
"Yatırım hesabımdaki hareketlerin bazıları yanlış görünüyor. Müşteri hizmetleriyle iletişime geçtim ama hala düzeltilmedi.", Yatırım Ürünleri, Yatırım İşlemleri
"Yatırım işlemlerim sırasında sık sık bağlantı kopuyor ve işlemlerim yarım kalıyor. Bu sorunu bir an önce çözmeleri gerekiyor.", Yatırım Ürünleri, Yatırım İşlemleri
"Her işlemde kesilen komisyon ücretleri yüzünden neredeyse kazanç elde edemiyorum. Lütfen komisyonları azaltın.", Yatırım Ürünleri, Yatırım İşlemleri
"Yatırım işlemlerimde ödenen komisyon ücretleri çok yüksek. Bu durum yatırım getirimi ciddi şekilde etkiliyor.", Yatırım Ürünleri, Yatırım İşlemleri
"Yatırım işlemlerim sürekli gecikiyor ve bu yüzden önemli fırsatları kaçırıyorum. Bu konuda acil bir çözüm bekliyorum.", Yatırım Ürünleri, Yatırım İşlemleri
"Yatırım emrim yanlış gerçekleştirilmiş. Durumu düzeltmek için saatlerdir müşteri hizmetleriyle uğraşıyorum ama henüz bir çözüm bulamadım.", Yatırım Ürünleri, Yatırım İşlemleri
"Yanlış işlem yapıldı ve bu yüzden para kaybettim. Lütfen durumu hemen düzeltin ve zararımın karşılanmasını sağlayın.", Yatırım Ürünleri, Yatırım İşlemleri
"Yatırım platformunuz sürekli çöküyor ve bu yüzden işlem yapamıyorum. Bu kadar önemli bir hizmetin daha stabil çalışmasını beklerdim.", Yatırım Ürünleri, Yatırım İşlemleri
"Yatırımlarım hakkında yeterli bilgiye sahip değilim. Yatırım fırsatları ve riskleri hakkında daha fazla bilgilendirilmek istiyorum.", Yatırım Ürünleri, Yatırım İşlemleri
"Yatirim hesabımdan hisse satışı yaptıktan sonra parayı hesaba çekmeye çalışınca tutar 0 olarak göründü. Yatirim hesabımda para var ama transfer ekranında 0 göründü. 20 dakika sonunda müşteri temsilcisi paranın fon hesabında olduğunu belirtti ve hiç de düşük olmayan bir işlem ücreti kesintisine maruz kaldım.", Yatırım Ürünleri, Yatırım İşlemleri
"Bir yatırım hesabım var, fakat bugün itibariyle hesabıma giriş yaptığımda yatirim hesabınız bulunmamaktadır yazısıyla karşılaşıyorum. Bankaya gittim sorun yok dediler, xCep üzerinden müşteri temsilcisini de aradığımda bana yatirim hesabınız yok diyor. En kısa sürede çözülmesini istiyorum, zaten en kısa zamanda portföyümü başka bankaya taşımak istiyorum.", Yatırım Ürünleri, Yatırım İşlemleri
"vadesiz hesabımdan yatırım hesabıma para aktardım. Fakat para görünmüyor. Yatirim müşteri hizmetlerini arıyorum asla cevap yok ulaşamıyorum. Para çıkışı dekontu var fakat para ne vadesiz de ne yatirim hesabım da görünmüyor.", Yatırım Ürünleri, Yatırım İşlemleri
"Bazen uygulamanızdaki kurlar, bankanın fiziki kurlarından farklı oluyor. Bu konuda bir standardizasyon sağlanmalı.", Yatırım Ürünleri, Yatırım İşlemleri
"Hisse senedi fiyatları ve diğer veriler zamanında güncellenmiyor. Bu durum doğru yatırım kararları almamı zorlaştırıyor.", Yatırım Ürünleri, Yatırım İşlemleri
"Platformda verilen hisse senedi bilgilerinin güncel ve doğru olduğundan emin olamıyorum. Veri güncellemeleri daha sık yapılmalı.", Yatırım Ürünleri, Yatırım İşlemleri
"Denizbank hesabından halka arz için yatırım hesabı açtım ve hisse aldım. Ancak hiçbir şekilde hisse portföyüm gözükmüyor.", Yatırım Ürünleri, Yatırım İşlemleri
"Satın aldığım halka arzımı bozmaya çalışıyorum ama nedense paramın hepsini alamadım. Yardımcı olurmusunuz?", Yatırım Ürünleri, Yatırım İşlemleri
"Denizbank yatırım hesabımdan iznim dışında belirli belirsiz periyotlarda ücretler kesiyor. Sadece halka arzlara katılıyorum küçük yatırımcıyım. Kesilen ücretlerin iadesini talep ediyorum.", Yatırım Ürünleri, Yatırım İşlemleri
"Temsilci tarafından açılan yatırım hesabı içinde borç ve bakiye bulunmamasına rağmen hesap kapatılamamaktadır. Açıklama da hesap üzerinde borç bakiye var. Hesap kapatılamaz uyarısı vermektedir. Hesabımın acil kapatılmasını istiyorum.", Yatırım Ürünleri, Yatırım İşlemleri
"Kredili mevduat hesabım var ve faiz borcumu ödediğim halde gecikme yaşadım. Gereğinin acilen yapılmasını istiyorum.", Yatırım Ürünleri, Yatırım İşlemleri
"Bilgim dışında mevduat hesabı faiz oranım düşürüldü. Acilen düzeltilmesini istiyorum.", Yatırım Ürünleri, Yatırım İşlemleri
"20.06.2024 tarihinde bankadan adıma vadeli mevduat hesabı açıldığı mesajı geldi fakat ben böyle bir hesap açmadım. Yardımcı olur musnuz?", Yatırım Ürünleri, Yatırım İşlemleri
"İnternet sitesinde %36 faiz oranı gözükmesine rağmen hesap açtığımda %25 faiz gözüküyor. Çağrı merkezi ile konuşmama rağmen asla ilgilenilmedi.", Yatırım Ürünleri, Yatırım İşlemleri
"Mevduat hesabımı başka bankaya transfer etmek istiyorum ne yapmam lazım?", Yatırım Ürünleri, Yatırım İşlemleri
"Merhaba müşterimiz kur korumalı vadeli hesabına kur farkı yatmadığını tarafına dönüş sağlanmasını talep eder. Saygılar.", Yatırım Ürünleri, Yatırım İşlemleri
"Sayin xbank, Benim vadeli hesapta bulunan 123.456,71 tl yi 11.05.2024 tarihinde sabah vadesiz hesaba aktarmanizi rica ederim.", Yatırım Ürünleri, Yatırım İşlemleri
"Kredili mevduat hesabımı kapatmak istiyorum. Nasıl yapabilirim?", Yatırım Ürünleri, Yatırım İşlemleri
"Merhaba, müşterimiz mevduat hesabından yapılan kesintilerin sebebini öğrenmek istemektedir ve bu konuda bilgilendirme talep etmektedir. Teşekkürler", Yatırım Ürünleri, Yatırım İşlemleri
"Müşteri vadeli hesabından vadesiz hesaba para transferi yapamadığını belirtmiştir.", Yatırım Ürünleri, Yatırım İşlemleri
"mevduat hesabımdan yapılan kesintilerin sebebini öğrenmek istiyorum. Kesilen bu miktar konusunda bilgim dışında olan kesintinin açıklanmasını ve iadesini talep ediyorum.", Yatırım Ürünleri, Yatırım İşlemleri
"Mevduat hesabımı kapattıktan sonra para bana yatırılmadı kaç gün oldu. acilen ilgilenilmesini istyorum.", Yatırım Ürünleri, Yatırım İşlemleri
"Haberim olmadan mevduat faiz tahakkuku altında yukluce bir kesinti yapılmis. asla yazili olarak ya da sözlü olarak bilgilendrmedim. paramın iadesini istiyorum.", Yatırım Ürünleri, Yatırım İşlemleri
"Vadeli mevduat faiz oranlari hakkinda bilgi alabilir miyim?", Yatırım Ürünleri, Yatırım İşlemleri
"Bankanizin mevduat hesaplari hakkinda bilgi sahibi olmak istiyorum", Yatırım Ürünleri, Yatırım İşlemleri
"Kur korumali turk lirasi mevduat hesabi nasil acabilrim?", Yatırım Ürünleri, Yatırım İşlemleri
"vade sonunda mevduat hesabimdaki tutari goremiyorum. musteri hizmetleri de yardımci olmadi bu sorunn duzeltilmesini istiyorm.", Yatırım Ürünleri, Yatırım İşlemleri
"aylik faiz hesaplama nasil oluyor?", Yatırım Ürünleri, Yatırım İşlemleri
"aylik faiz hesaplama isleimini nasil ypabilirim?", Yatırım Ürünleri, Yatırım İşlemleri
"vadeli mevduat faiz getiri hesaplama nasil oluyor?", Yatırım Ürünleri, Yatırım İşlemleri
"hangi sıklıkta abnka faiz oranlari değişmektedir?", Yatırım Ürünleri, Yatırım İşlemleri
"vadeli mevduat faizi stopaj oranı nedir?", Yatırım Ürünleri, Yatırım İşlemleri
"mevduat hesabı çeşitleri neler?", Yatırım Ürünleri, Yatırım İşlemleri
"xbank'ta vadeli mevduat hesabu nasıl açabilrim?", Yatırım Ürünleri, Yatırım İşlemleri
"mevduat hesabında vade aralıkları ne kadar süreyle oluyor", Yatırım Ürünleri, Yatırım İşlemleri
"vadeli mevduat hesabi acarken ne kadar bir ucret odemem gerekiyor?", Yatırım Ürünleri, Yatırım İşlemleri
"bankanizn mevduat turleri hakkında bilgi alabiliri miyim, teşekkürler.", Yatırım Ürünleri, Yatırım İşlemleri
"vadeli hesabimdaki parayi vadesi bitmeden cekmek istersem ne yapabilirim", Yatırım Ürünleri, Yatırım İşlemleri
"vadeli mevduatlarda faiz neye gore belirleniyor?", Yatırım Ürünleri, Yatırım İşlemleri
"xbankasında vadeli mevduat hesabi açmak istiyorum, başlangıç açılışında herhangi bir kampanya ya da promosyon veriliyor mu veriliyorsa bilgi alabilir miyim?", Yatırım Ürünleri, Yatırım İşlemleri
"Vadeli mevduat hesabı açtığımda uygulanacak faiz oranlarını nasıl öğrenebilirim?", Yatırım Ürünleri, Yatırım İşlemleri
"mevduat faiz oranlari bankanızda ne sıklıkla değişiyor?", Yatırım Ürünleri, Yatırım İşlemleri
"vadeli mevduatin vadesini uzatmamin bana bir katkisi olur mu? yardimci olursaniz sevinirim.", Yatırım Ürünleri, Yatırım İşlemleri
"vadesiz mevduat hesabı ve vadeli mevduat hesabı arasındaki farklıklıklar nelerdir?", Yatırım Ürünleri, Yatırım İşlemleri
"e-vadeli mevduat hesabi nedir nasil acabilirim?", Yatırım Ürünleri, Yatırım İşlemleri
"bankaniz 50.000 liraya ne kadar faiz veriyor? bilgilendirirseniz sevinirim.", Yatırım Ürünleri, Yatırım İşlemleri
"altın mevduat hesabı mı yoksa dolar mevduat hesabı mı açmak daha karlı olur?", Yatırım Ürünleri, Yatırım İşlemleri
"mevduat getirisini nasıl hesaplayabilirim?", Yatırım Ürünleri, Yatırım İşlemleri
"xbank'ın faiz getirisi ne kadar?", Yatırım Ürünleri, Yatırım İşlemleri
"2024 vadeli mevduat faiz oranları hakkında bilgi alabilir miyim?", Yatırım Ürünleri, Yatırım İşlemleri
"32 günlük vadeli. mevduat faiz oranları nedir?", Yatırım Ürünleri, Yatırım İşlemleri
"vadesi dolmadan mevduat hesabımdan para çekebilir miyim?", Yatırım Ürünleri, Yatırım İşlemleri
"vadeli hesabıma para yatırmak istiyorum, ne zaman yatırabilirim?", Yatırım Ürünleri, Yatırım İşlemleri
"enflasyonun mevduat faiz oranına etkisi nedir?", Yatırım Ürünleri, Yatırım İşlemleri
"Bankanızın mevduat faiz oranları enflasyondan ne kadar etkilenir?", Yatırım Ürünleri, Yatırım İşlemleri
"Bankaların faiz oranlarında değişiklik olduğunda, mevcut vadeli mevduat hesaplarının faiz oranları otomatik olarak güncellenir mi", Yatırım Ürünleri, Yatırım İşlemleri
"Faiz oranlarındaki değişiklikler, mevcut mevduat hesaplarına nasıl yansır?", Yatırım Ürünleri, Yatırım İşlemleri
"Mevduat hesabı açtıktan sonra faiz oranlarında bir değişiklik olursa, hesabımdaki oranlar otomatik olarak güncellenir mi?", Yatırım Ürünleri, Yatırım İşlemleri
"32 gün vadeli mevduat hesabı açtığımda alacağım faiz oranı nedir?", Yatırım Ürünleri, Yatırım İşlemleri
"vadeli mevduat hesabıma eklediğim tutara göre faiz oranları farklılık gösteriyor mu?", Yatırım Ürünleri, Yatırım İşlemleri
"32 gün vadeli mevduat hesabı açtığımda alacağım faiz oranı nedir?", Yatırım Ürünleri, Yatırım İşlemleri
"vadeli mevduat ile kazancımı nasıl hesaplayabilirim?", Yatırım Ürünleri, Yatırım İşlemleri
"vadeli mevduat mevcut stopaj oranlarına nereden ulaşabilirm?", Yatırım Ürünleri, Yatırım İşlemleri
"Vadeli mevduat hesabı açmak istiyorum. Faiz oranlarınız ve vade seçenekleriniz hakkında bilgi alabilir miyim?", Yatırım Ürünleri, Yatırım İşlemleri
"vadeli mevduat hesabımdaki faiz oranları, hesap açılışında söylenen oranlardan daha düşük çıktı. müşteri hizmetleri asla yardımcı olmadı. bu sorunun çözülmesini istiyorum.", Yatırım Ürünleri, Yatırım İşlemleri
"altın için vadeli mevduat hesabı açmak istiyorum, vadesi ve faiz oran seçenekleri neleridr?", Yatırım Ürünleri, Yatırım İşlemleri
"Vadeli mevduat hesabıma eklediğim tutara göre faiz oranları farklılık gösteriyor mu? Bilgilendirirsiniz sevinirim.", Yatırım Ürünleri, Yatırım İşlemleri
"Bankanızın mevduat faiz oranları enflasyondan etkilenir mi, etkilenirse ne kadar etkilenir?", Yatırım Ürünleri, Yatırım İşlemleri
"vadeli mevduat hesabı kaç günlük açılabilir?", Yatırım Ürünleri, Yatırım İşlemleri
"vadeli mevduat hesabımdan kesilecek gelir vergisi oranlarını nasıl öğrenebilirim.", Yatırım Ürünleri, Yatırım İşlemleri
"Merhaba, vadeli mevduat hesabıma eklediğim tutara göre faiz oranlarının farklılık gösterdiğini öğrendim. Ancak, bu konuda önceden hiçbir bilgilendirme yapılmadı. Bu durumdan dolayı mağdur oldum ve faiz oranlarının net bir şekilde belirtilmesini talep ediyorum.", Yatırım Ürünleri, Yatırım İşlemleri
"vadeli mevduat hesabıma eklediğim farklı tutarlara göre faiz oranlarının değiştiğini fark ettim. Bankanız tarafından bu konuda bilgilendirilmediğim için beklediğim getirinin altında kaldı aldığım. Bu durumu düzeltin", Yatırım Ürünleri, Yatırım İşlemleri
"Xbankasında vadeli mevduat hesabı açarken başlangıç açılışında kampanya veya promosyon olduğu belirtilmişti. Fakat hesap açıldıktan sonra herhangi bir kampanya veya promosyondan yararlanamadım. Bu konuda eksik bilgilendirme yapıldı ve mağdur oldum.", Yatırım Ürünleri, Yatırım İşlemleri
"Xbankasında mevduat hesabı açtım, ancak iznim ve bilgim dışında fon alımı yapılarak hesabımdan kesinti yapılmış. Bu durumdan dolayı zarara uğradım ve zararımın giderilmesini istiyorum.", Yatırım Ürünleri, Yatırım İşlemleri
"Xbankasında açtığım mevduat hesabımdan, benim onayım olmadan fon alımı gerçekleştirilmiş ve bu yüzden hesabımdan kesinti yapılmış. Bu beklenmedik durumdan dolayı mağdur oldum ve kesintinin iade edilmesini talep ediyorum.", Yatırım Ürünleri, Yatırım İşlemleri
"Xbankasında mevduat hesabımda iznim dışında fon alımı yapılmış ve bu işlem nedeniyle hesabımdan para kesilmiş. zararımın ödenmesini istiyorum.", Yatırım Ürünleri, Yatırım İşlemleri
"vadeli mevduat hesaplama formülü nedir?", Yatırım Ürünleri, Yatırım İşlemleri
"Vadeli mevduat hesabı açılışında anlaştığımız faiz oranı yerine daha düşük bir faiz oranı uygulanmıştır. Bu durumdan dolayı mağdur oldum ve düzeltilmesini talep ediyorum.", Yatırım Ürünleri, Yatırım İşlemleri
"Vadeli mevduat hesabımı açarken belirttiğiniz faiz oranı ile hesabıma uygulanan faiz oranı farklı. Bu hatanın düzeltilmesini ve hesabıma doğru faiz oranının yansıtılmasını talep ediyorum.", Yatırım Ürünleri, Yatırım İşlemleri
"vadesiz mevduat hesabımla eft/ havale yapabilir miyim?", Yatırım Ürünleri, Yatırım İşlemleri
"vadeli mevduat başvurusu yaparken gerekli olan belgeler nelerdir?", Yatırım Ürünleri, Yatırım İşlemleri
"bankanızın mevduat ürünleri hakkında bilgi alabilir miyim? teşekkürler", Yatırım Ürünleri, Yatırım İşlemleri
"Xbank'ın web sitesinde vadeli mevduat faiz oranı %55 olarak görünüyordu. 20 Mart'ta hesap açmak istedim, ancak mobil bankacılıkta %54 olarak gösterildi. Müşteri hizmetlerini aradım ve hesabı açtıktan sonra düzeltilebileceğini söylediler. Hesabı açtım, fakat tekrar aradığımda düzeltmenin mümkün olmadığını öğrendim.", Yatırım Ürünleri, Yatırım İşlemleri
"Xbank mobil uygulamasında, vadeli mevduat hesabımı açmaya çalıştığımda iki gün önce %43 olarak görünen faiz oranı bir anda %16'ya düştü. Diğer tüm Xbank mobil kullanıcılarıyla kontrol ettim ve onlarda hala %43 olarak görünüyor. Bu hatanın nedenini öğrenmek ve düzeltilmesini istiyorum. Mevduata giriş yapamadığım için maddi kaybım var.", Yatırım Ürünleri, Yatırım İşlemleri
"Merhaba, mobil uygulamada vadeli mevduat hesabımı %43 faiz oranı ile açmak üzereyken, iki gün sonra oran %16 olarak görünmeye başladı. Diğer Xbank mobil kullanıcılarıyla karşılaştırdığımda onların oranı hala %43 olarak gözüküyor. Bu hatanın neden kaynaklandığını ve düzeltilmesini talep ediyorum. Bu sorun nedeniyle maddi kayba uğradım. Gereğinin acilen yapılmasını arz ederim.", Yatırım Ürünleri, Yatırım İşlemleri
"Yeni müşterilere mevduat hesabı için %45 faiz oranı sunulurken, biz eski müşterilere %42 faiz oranı uygulanıyor. Bu durumu haksız buluyorum ve bizim oranımızın da %45'e çıkarılmasını talep ediyorum. Aksi halde başka bankalara geçmeyi düşüneceğim.", Yatırım Ürünleri, Yatırım İşlemleri
"bankanizda mevduat icin faiz oranlari hakkindaki degisiklik icin asla bilgilendirme yapilmadan parami faize koymussunuz, yetkililere ulasmaya calistigimda asla cozum alamadim. bu sorunun acilen cozulmesini istiyorum.", Yatırım Ürünleri, Yatırım İşlemleri
"Konut sigortası hasar bildirimi nasıl yapanübilirim?", Sigorta, Konuk Sigortası
"Konut sigortası pirim ödemesi hatalı", Sigorta, Konuk Sigortası
"Bugün bankanızdaki konut kredimin taksitini ödemek için internet bankacılığına girdim. Konut kredime bağlı olan konut sigortam yenilenmiş ve kredi taksitimin üzerine eklenmiş. 2564 olan taksitim 8661 olarak görünüyor ve sadece kredi taksitimi ödeyemiyorum.", Sigorta, Konuk Sigortası
"konut sigortası poliçesinin, Türkiye sigorta şirketi tarafından yenilendiğini hesabımdaki param çekilince öğrendim. 03.07.2024'de 449359269-3 numaralı poliçe için 8995,01 TL iznim ve bilgim dışında hesabımdan çekilerek Türkiye sigorta şirketi tarafından yenilenmiştir. Bu hususta, yapılan poliçelerin iptalini, prim tutarlarının kesintisiz olarak tarafıma iadesini, yenilemeye dair onayım olmadan tekrar yenilenmemesini istiyorum.", Sigorta, Konuk Sigortası
"19-06-2020 tarihinde konut kredisi kullandım. Buna istinaden her yıl bilgim dışında özel konut sigortası yapılarak para kesilmiştir. Şubeleri aramam ve dilekçe göndermeme rağmen yinede devam etmektedir. 19-06-2024 tarihinde 448985866 numaralı özel konut poliçesinin iptalini ve ücret iadesinin yapılmasını talep ediyorum.", Sigorta, Konuk Sigortası
"Konut kredisi kullanırken DASK, Özel konut sigortası ve hayat sigortam yapılmıştır. Konutlar veya sağlanan kredi ile inşa edilen meskenler zorunlu olarak deprem sigortasına (DASK) tabidir ve 79389961 numaralı DASK poliçem 2329.02 TL karşılığında yapılmıştır. Kredi kullandırımında hayat sigortası yapılacağına dair bilgi verilmiştir ve 10000003874148 numaralı hayat poliçem 12005,09 TL karşılığında yapılmıştır. Ancak özel konut sigortası yapılacağına dair başvurumda ve devam eden süreçte herhangi bir bilgi verilmemiştir. Sigorta özel kılavuzunda Özel konut sigortası ile ilgili herhangi bir zorunluluk hükmü yoktur. Kredi kullanıcısının talep etmesi durumunda konut paket sigortası yapılabilir mantığından hareketle benim sigorta yaptırmak gibi bir talebim olmamıştır.", Sigorta, Konuk Sigortası
"aldığım krediden ötürü yapılan özel konut sigortasının kendi rızam dışında her yıl otomatik yenilendiği, özel konut sigortasının iptal edilmesi ve para iadesini talep etmiştim. Tüketici Hakem Heyeti'ne başvurum kabul edilmiş ve lehime karar çıkmıştır. Konut sigortamın iptali ve ücretin aynen iadesini ve bir daha yenilenmemesini talep ediyorum. Aksi halde Tüketici Hakem Heyeti kararıyla icraya başvuracağım.", Sigorta, Konuk Sigortası
"Denizbank, bilgim dâhilinde olmadan ve onayım olmadan kendi hesabım üzerinden konut sigortası yapmıştır. Bu durumdan şikayetçiyim. 'Ev bizim, biz yaptırırız.' gibi bir seçenekleri var da benim mi haberim yok acaba? Ev kredisi bitinceye kadar konut sigortası ödemem gerektiği söyleniyor. DASK'ı anladım da, konut sigortası neden zorunlu? Ayrıca, haberim olmadan ve bana bilgi verilmeden bu işlemin yapılmasını anlamıyorum.", Sigorta, Konuk Sigortası
"Denizbank 2 Mayıs 2023 tarihi itibarıyla kapattığım konut kredimin sigorta satışını yapacağımı söylediğim halde konut sigortasını iptal etmemiş. Ben konutu sattım fakat KMH hesabımdan sigorta taksiti çekmeye devam etmiş. Utanmadan bir de gecikmeniz var ödeme yapmanız gerekiyor diye beni aramışlar. Zorla bana gecikme faizi ile birlikte 1050 TL borç ödettiler.", Sigorta, Konuk Sigortası
"Denizbank'tan kullandığım konut kredisi için tarafıma fahiş ücrette 4274 TL tutarlı 4142149** numaralı konut poliçesi düzenlenmiştir. Axa Sigorta ile yapılan görüşmede banka aracılığıyla yapılan poliçenin bankadan alınan kredi riski nedeniyle iptaline uygunluk verilmediği bildirilmiştir.mağduriyetimin bir an önce giderilerek konut poliçemin iptal edilmesini istiyorum.", Sigorta, Konuk Sigortası
"Denizbank Antakya Çarşı Şubesinden kullanmış olduğum konut kredisinde DASK poliçem bankanın kendi inisiyatifine göre düşük tutulmuş bu da yetmezmiş gibi metrekaresi DASK sistemine yanlış girilmiş. Yapı kullanım izin belgesinde 135 m2 olan daire 110 m2 olarak girilmiş ve hiçbir bilgi ya da sorgulama yapılmadı. Günü geldiğinde hem DASK hem konut sigortası poliçesini ödüyordum. Şimdi deprem sebebiyle zaten mağdur durumdayız üstüne üstlük banka ve acentası Axa Sigorta müşterisini daha da mağdur etme yolunu seçiyor. DASK poliçemin acilen rayiç bedel üzerinden güncellenmesini ve daire yüz ölçümünün düzeltilmesini talep ediyorum. Aksi takdirde tüm yasal haklarımı kullanıp hem bankadan hem de bu işlemleri gizli saklı yapan çalışanlara karşı dava açacağım. Denizbank deprem yardımlarında yüksek miktarda kamuoyu önünde göz boyuyor ama müşterisini daha da mahvetme yolunu seçiyor.", Sigorta, Konuk Sigortası
"Denizbank'tan kullanmış olduğum konut kredisine yapılan konut sigortasını defalarca istemediğimi belirttiğim kendilerine faks çekerek istemediğimi yazıyla açıkladığım halde hatta Tüketici Hakem Heyeti'ne bildirdiğim Hakem Heyeti çalışanları banka haklı çıkar diyerek bankaya taraf oldular işlemimi yapmadılar kendileri konut kredisi hesabıma yolladığım aylık kredi taksidimden sigorta bedelini çekmek suretiyle beni defalarca gecikmeye düşürdüler yapılan poliçeleri yollamadılar sürekli SMS ile sigorta borcum olduğunu tekrarlayarak rahatsız ediyorlar. Sigorta ücreti kesilmesin diye sürekli 1 ay geriden ödüyorum. Bu işkencenin son bulmasını ve haksız olarak aldıkları sigorta paralarını geri vermelerini istiyorum ayrıca hesabımdan iznim olmadan sigorta parası çekip beni gecikmeye sokarak aldıkları gecikme ücretlerini geri vermelerini istiyorum.", Sigorta, Konuk Sigortası
"Denizbank Avcılar Çarşı şubesinde onayım olmadan 04.10.2022 tarihinde 361013337-0 no lu konut sigortası poliçesi düzenlenip kişisel banka hesabımdan herhangi bir onayım olmadan 4.152 TL çekilmiştir. Bu durumu fark edip 10.10.2022 tarihinde şubeye müracaat edip yapılan işlemin iptalini isteyip çekilen paranın tekrar hesabıma iadesini talep ettim. 19.10.2022 tarihinde 3.181 TL. Hesabıma geri iade edildi. Axa Sigorta müşteri hizmetleri ile görüştüğümde çekilen paranın tamamının geri iade edilmesi gerektiği bildirildi. Denizbank Avcılar/ Çarşı şubesi 971 TL lik kesintinin neden, ne hakla yapıldığı hakkında tarafıma herhangi bir açıklama yapamayıp, sadece susup şikayet kaydı oluşturarak olayı geçiştirerek, beni başlarından savmaktan başka bir çare ve açıklama üretmemişlerdir. Müşteri hizmetleri ile yaptığım görüşmede yaşadığım olayı sadece banka şubesi ile görüşüp çözebileceğim söylendi. Yapılan bu haksızlık ve haksız kazancın tarafıma geri iade edilmesini istiyorum. Hakkımı her türlü her mecrada sonuna kadar arayacağımı beyan ederim. Para iadesinin olmaması akabinde bankanız ile olan tüm ticari ilişkimi kesip hesaplarımı başka bankaya taşıyacağım.", Sigorta, Konuk Sigortası
"Yıllardır bitmedi! Bankanızın 4727**83 numaralı müşterisiyim. Yine iznim, bilgim, rızam ve onayım dışında düzenlenen, 34*****84 poliçe numaralı 'Konut Finans. Evim Paket Sigortası' adlı saçma sapan sigortayı kabul etmiyorum ve bu poliçenin derhal iptal edilmesini talep ediyorum. (Zaten 35****42 poliçe numaralı zorunlu DASK yapıldı... Daha başkasına gerek yok, kesinlikle istemiyorum, onaylamıyorum! Üstelik KVKK'ya tamamen aykırı şekilde hesaplardan/kartlardan vs. Otomatik çekiliyor bu meblağlar; bakmasak haberimiz olmuyor... Rızam yoktur! Mesajla bildirince benden onay almış olmuyorsunuz, günde onlarca SMS - e-posta - bildirim vs. Geliyor cep telefonuma... Bir SMS göndererek, mail atarak, benim noter tasdikli onayımı almış olmuyorsunuz, yazık!", Sigorta, Konuk Sigortası
"kredi hayat sigortası başvurusu reddedildi ne yapabilirim?", Sigorta, Bireysel Kredi Hayat Sigortası
"Poliçe detayları eksik veya hatalı", Sigorta, Bireysel Kredi Hayat Sigortası
"Prim ödemesi yapılmadı", Sigorta, Bireysel Kredi Hayat Sigortası
"Poliçemde hangi teminatlar var?Detaylı bilgi almak istiyorum", Sigorta, Bireysel Kredi Hayat Sigortası
"Poliçemi nasıl yenileyebilirim?Yardımcı olabilir misiniz?", Sigorta, Bireysel Kredi Hayat Sigortası
"Poliçem elime ulaşmadı, poliçe detaylarını nasıl öğrenebilirim?", Sigorta, Bireysel Kredi Hayat Sigortası
"Poliçemde eksik ya da yanlış bilgiler var, nasıl düzelttirebilirim?", Sigorta, Bireysel Kredi Hayat Sigortası
"Prim ödemem sistemde görünmüyor, ödeme işlemini tekrar mı yapmalıyım?Detaylı bilgi almak istiyorum", Sigorta, Bireysel Kredi Hayat Sigortası
"Otomatik ödeme talimatım çalışmamış, ödememi nasıl yapabilirim?", Sigorta, Bireysel Kredi Hayat Sigortası
"Poliçemi iptal etmek istedim ama iptal sürecinde sorun yaşadım, nasıl çözülebilir?", Sigorta, Bireysel Kredi Hayat Sigortası
"Kredi iptal talebim onaylanmadı, sebebini öğrenebilir miyim?", Sigorta, Bireysel Kredi Hayat Sigortası
"Sigorta temsilcisine ulaşamıyorum, başka bir yetkiliyle nasıl iletişime geçebilirim?", Sigorta, Bireysel Kredi Hayat Sigortası
"Sigorta yaptırmak zorunda mıyım?Bilgi verebilir misiniz", Sigorta, Bireysel Kredi Hayat Sigortası
"Hayat sigortası neleri kapsıyor.Bilgi verebilir misiniz?", Sigorta, Bireysel Kredi Hayat Sigortası
"Hayat sigortası yaptırmasam ne olur.Bilgi verebilir misiniz?", Sigorta, Bireysel Kredi Hayat Sigortası
"Diğer bankalarda Hayat Sigortası zorunluluğu yok.", Sigorta, Bireysel Kredi Hayat Sigortası
"Vefat halinde mirascılarıma ödeme yapılıyor mu?Bilgi verebilir misiniz?", Sigorta, Bireysel Kredi Hayat Sigortası
"Diğer kullullanılan diğer kredilerimide kapsıyor mu?Bilgi verebilir misiniz?", Sigorta, Bireysel Kredi Hayat Sigortası
"Kullanılan her kredide ayrı ayrı yaptırmak zorunda mıyım?", Sigorta, Bireysel Kredi Hayat Sigortası
"Ferdi kaza sigortası hakkında bilgi almak istiyorum", Sigorta, Ferdi Kaza Sigortası
"Hasar bildirimi hatalı ne yapabilirm?", Sigorta, Ferdi Kaza Sigortası
"Ferdi kaza sigortası neleri kapsıyor.Bilgi veriri misiniz?", Sigorta, Ferdi Kaza Sigortası
"Ferdi Kaza Sigortası yaptırmak zorunda mıyım?Bilgi verebilir misiniz?", Sigorta, Ferdi Kaza Sigortası
"Kaza halinde vefat durumunda tazminat var mı?Bilgi almak istiyorum", Sigorta, Ferdi Kaza Sigortası
"Diğer kullullanılan diğer kredilerimide kapsıyor mu?Bilgi verebilir misiniz?", Sigorta, Ferdi Kaza Sigortası
"isteğim dışı Ferdi Kaza Sigortası yapılmıştır. İptal ettirdim fakat para hesabıma yatmadı. Telefonlara da ulaşamıyorum. Müşteri hizmetlerini aradım kesintiyi doğruladı ama çözüm olarak genel müdürlüğe konuyu aktaracağını söylemesine rağmen dönüş yapan maalesef olmadı.", Sigorta, Ferdi Kaza Sigortası
"Denizbank, bilgim ve onayım olmadan Ferdi Kaza Sigortası yapıyor ve iadesi için aradığımda telefonda bekletiliyorum. Müşteri memnuniyeti hiç yok, hep aynı sorunu yaşıyorum.", Sigorta, Ferdi Kaza Sigortası
"Bireysel emeklilik ve ferdi kaza sigorta işlemlerimi bankanız aracılığıyla yapmaktayım. Aniden FAST ve EFT ücreti almaya başladı. Bu durumu haber edebilirlerdi. Durumun düzeltilmesini istiyorum.", Sigorta, Ferdi Kaza Sigortası
"Merhaba, kredi kartımdan bana izinsiz olarak Metlife Güvende Plus Ferdi Kaza Sigortası ve ayrıca hayat sigortası yapılmış. Hayat sigortası için 655 TL ve Ferdi Kaza Sigortası için 1.000 TL para çekilmiş. Derhal para iadesi ve iptal edilmesini talep ediyorum. Teşekkürler.", Sigorta, Ferdi Kaza Sigortası
"Denizbank müşteri hizmetleri üzerinden arandım bana 1 tane sigorta poliçesi sundu. Sigorta kapsamlı Ferdi Kaza Sigortası sigortayı iptal ettirmek istiyorum. Kesilen paranın iadesini talep ediyorum.", Sigorta, Ferdi Kaza Sigortası
"Metlife tarafından bilgim dışında ödemelerim güvende ferdi kaza sigorta poliçesi yapılmış. Denizbank ise bu olaya alet olup hesabımdan bilgim dışında ödeme yapmış. Denizbank hesabınız varsa ya kapatın ya da her gün kontrol edin.", Sigorta, Ferdi Kaza Sigortası
"Ferdi Kaza Sigortası adında hesabımdan benden onay almadan para kesilmiş kesilen tutarın geri iadesini istiyorum. Aksi takdurde şikayette bulunacağım. Bu bir saçmalıktır paramın geri iadesini istiyorum", Sigorta, Ferdi Kaza Sigortası
"Maaş müşterisi olmama rağmen müşteri hizmetlerine bağlanmak çok uzun zaman alıyor.", Hizmet Kalitesi, İletişim Merkezi
"Denizbank müşteri temsilcisine bağlamak çok uzun zaman alıyor lütfen bu konuyu düzeltsinler. Yoksa bankayı kullanmayacağım. Bu problem uzun zamandır devam ediyor", Hizmet Kalitesi, İletişim Merkezi
"Denizbank müşteri hizmetleri tam bir hayal kırıklığı. 35 dakika oldu hala bağlanmadı.", Hizmet Kalitesi, İletişim Merkezi
"Müşteri hizmetlerine bağlanmak çok uzun sürüyor. Bağlandıktan sonra temsilcinin hiçbir şekilde bilgisinin olmaması daha da kötü. Süreci tamamen uzatıyor.", Hizmet Kalitesi, İletişim Merkezi
"Temsilciler yeterince bilgili değildi ve sorularıma doğru yanıtlar alamadım.", Hizmet Kalitesi, İletişim Merkezi
"Müşteri hizmetlerine ulaşmak tam bir eziyet! Saatlerce bekledim ve sonunda kimseye ulaşamadım", Hizmet Kalitesi, İletişim Merkezi
"Bankanın hizmet kalitesi ile ilgili şikayetimi nasıl iletebilirim?", Hizmet Kalitesi, İletişim Merkezi
"Şikayet başvurusu yaptım, ne zaman geri dönüş alırım?", Hizmet Kalitesi, İletişim Merkezi
"Denizbank müşteri temsilcisine bağlanmak büyük problem. Telesekreteri atlatıp canlı görüşme yapmak neredeyse imkansız. Banka yetkililerinin bu konuya bir çözüm getirmesi gerekiyor.", Hizmet Kalitesi, İletişim Merkezi
"Müşteri temsilcisi için 30 dakika bekledim, sonra kendiliğinden kapandı. Hiçbir işlemi halledemiyorum.", Hizmet Kalitesi, İletişim Merkezi
"müşteri hizmetlerine hiçbir şekilde bağlanmıyor ve çözüm sunmuyorlar.", Hizmet Kalitesi, İletişim Merkezi
"Denizbank müşteri hizmetleri yüzüme kapattı. 40 dakika bağlanmayı bekledim, bağlanınca kapattı. Nasıl bir hizmet, 2 gündür bağlanamadım. Sorunumu çözemedim.", Hizmet Kalitesi, İletişim Merkezi
"20 dakikadan fazla süre müşteri temsilcisine bağlanmaya çalıştım. Telesekreter beni müşteri temsilcisine bağlamak yerine sürekli olarak ana menüye gönderdi. Çözüm bulmanızı talep ediyorum.", Hizmet Kalitesi, İletişim Merkezi
"müşteri hizmetlerini aradım ancak hiçbir şekilde müşteri temsilcisine bağlanmam sağlanmadı.", Hizmet Kalitesi, İletişim Merkezi
"temsilci sorunumla ilgilenmedi ve aramayı sonlandırdı. Yardımcı olmasını ısrarla talep etmeme rağmen telefonu yüzüme kapatmıştır. Bu kötü hizmetinizden ötürü hesabımı kapatacağım.", Hizmet Kalitesi, İletişim Merkezi
"Müşteri hattınızı aradığımda beni hiçbir temsilciye bağlamıyor", Hizmet Kalitesi, İletişim Merkezi
"Denizbank müşteri hizmetlerini onuncu kez aramama rağmen bir türlü müşteri temsilcisine bağlanamıyorum. Beni sürekli olarak sesli yanıt sistemi karşılıyor ve istediğim cevabı alamıyor, istediğim işlemi gerçekleştiremiyorum. Burada yarım saatimi kaybettim.", Hizmet Kalitesi, İletişim Merkezi
"Denizbank müşteri hizmetlerine ve bağlı olduğum şubeye kesinlikle telefonla ulaşamıyorum.", Hizmet Kalitesi, İletişim Merkezi
"müşteri hizmetlerine bağlanmaya çalışıyorum fakat imkansız. Defalarca denememe rağmen Denizbank müşteri hizmetleri 15-20 dakika hatta kalıp sonra hattan düşüyor", Hizmet Kalitesi, İletişim Merkezi